Image_id,image_path,Label
id_00exusbkgzw1b.jpg,../../data/image/id_00exusbkgzw1b.jpg,2.5743807611888768e-06
id_03dqinf6w0znv.jpg,../../data/image/id_03dqinf6w0znv.jpg,2.26218468242223e-06
id_046yl0cxn3ybz.jpg,../../data/image/id_046yl0cxn3ybz.jpg,0.9999982833862304
id_04athdtx2abyg.jpg,../../data/image/id_04athdtx2abyg.jpg,2.0129688778069976e-06
id_062aauf9e9jk0.jpg,../../data/image/id_062aauf9e9jk0.jpg,6.974386951696942e-06
id_0695b3b665yet.jpg,../../data/image/id_0695b3b665yet.jpg,2.8223039180375054e-06
id_06cueqs5yhekm.jpg,../../data/image/id_06cueqs5yhekm.jpg,0.9999994039535522
id_0826dbdkr8sxr.jpg,../../data/image/id_0826dbdkr8sxr.jpg,0.999999213218689
id_09re5drh85tbo.jpg,../../data/image/id_09re5drh85tbo.jpg,8.300987417442229e-07
id_0adud1myz8tvz.jpg,../../data/image/id_0adud1myz8tvz.jpg,0.00036817475884163284
id_0ahjbw1wygbq0.jpg,../../data/image/id_0ahjbw1wygbq0.jpg,0.9999994754791259
id_0ap0rrztgzllj.jpg,../../data/image/id_0ap0rrztgzllj.jpg,0.999998140335083
id_0b2h9azccxoll.jpg,../../data/image/id_0b2h9azccxoll.jpg,0.9999962329864502
id_0j5gba6po16ug.jpg,../../data/image/id_0j5gba6po16ug.jpg,0.0002342658918678353
id_0jubas2zt3q5z.jpg,../../data/image/id_0jubas2zt3q5z.jpg,0.006318806941999355
id_0k22wddgzt1nz.jpg,../../data/image/id_0k22wddgzt1nz.jpg,0.9999991893768311
id_0l90ghtsslv6g.jpg,../../data/image/id_0l90ghtsslv6g.jpg,0.9999950170516968
id_0mjphd3r2uejx.jpg,../../data/image/id_0mjphd3r2uejx.jpg,0.9999995946884155
id_0mlta27hqmml3.jpg,../../data/image/id_0mlta27hqmml3.jpg,4.507249695961946e-06
id_0myzqbh6fvzzv.jpg,../../data/image/id_0myzqbh6fvzzv.jpg,6.246192469916423e-07
id_0npkw9g4y75oe.jpg,../../data/image/id_0npkw9g4y75oe.jpg,2.1201798790571048e-05
id_0plgnufxxsnpp.jpg,../../data/image/id_0plgnufxxsnpp.jpg,3.7627614347002238e-06
id_0r2hd8hfafwbn.jpg,../../data/image/id_0r2hd8hfafwbn.jpg,1.839741059939115e-06
id_0r98ohaux1wiy.jpg,../../data/image/id_0r98ohaux1wiy.jpg,1.4296328629370692e-06
id_0s5x8uduy6c3q.jpg,../../data/image/id_0s5x8uduy6c3q.jpg,0.9999992370605468
id_0svp8i5wlcu3e.jpg,../../data/image/id_0svp8i5wlcu3e.jpg,5.679707044237148e-07
id_0tux9izvn7umd.jpg,../../data/image/id_0tux9izvn7umd.jpg,0.9999993562698364
id_0uc478pv0o6g3.jpg,../../data/image/id_0uc478pv0o6g3.jpg,3.323327905491169e-06
id_0uh3w9bijtewm.jpg,../../data/image/id_0uh3w9bijtewm.jpg,1.4076313618716085e-05
id_0ura3hsgv5zvi.jpg,../../data/image/id_0ura3hsgv5zvi.jpg,1.916671976687212e-06
id_0wetngr9zyqm6.jpg,../../data/image/id_0wetngr9zyqm6.jpg,8.635000722279073e-06
id_0wj6be37uwbhi.jpg,../../data/image/id_0wj6be37uwbhi.jpg,1.2493700353388705e-06
id_0xkl0snlt2y3x.jpg,../../data/image/id_0xkl0snlt2y3x.jpg,0.9971599340438843
id_0zkr6vtyvjnu9.jpg,../../data/image/id_0zkr6vtyvjnu9.jpg,6.885527477606957e-06
id_11bvbznva2jo8.jpg,../../data/image/id_11bvbznva2jo8.jpg,0.0001172026964923134
id_12dyq23fuo9nq.jpg,../../data/image/id_12dyq23fuo9nq.jpg,0.9999989748001099
id_1324iqtjw043w.jpg,../../data/image/id_1324iqtjw043w.jpg,2.5964938913602965e-06
id_139an03qmrx59.jpg,../../data/image/id_139an03qmrx59.jpg,0.9999982357025147
id_13havygrd3v4w.jpg,../../data/image/id_13havygrd3v4w.jpg,0.999999213218689
id_13hd8j23lrhaj.jpg,../../data/image/id_13hd8j23lrhaj.jpg,0.9999987363815308
id_14tsub43bkzzz.jpg,../../data/image/id_14tsub43bkzzz.jpg,5.772983115548414e-07
id_16dnkud8qq8l2.jpg,../../data/image/id_16dnkud8qq8l2.jpg,0.9999994277954102
id_17p5cvdpraxdh.jpg,../../data/image/id_17p5cvdpraxdh.jpg,2.298151036939089e-06
id_19x6g4taktv13.jpg,../../data/image/id_19x6g4taktv13.jpg,0.9999991178512573
id_1cx6hh7ewgqgx.jpg,../../data/image/id_1cx6hh7ewgqgx.jpg,0.9999986171722413
id_1f5lcea4m8rnp.jpg,../../data/image/id_1f5lcea4m8rnp.jpg,0.9999996662139893
id_1k9faouq62mox.jpg,../../data/image/id_1k9faouq62mox.jpg,0.9999995946884155
id_1l4h0vhnud0ic.jpg,../../data/image/id_1l4h0vhnud0ic.jpg,0.999999713897705
id_1lpnu4rqt5b9f.jpg,../../data/image/id_1lpnu4rqt5b9f.jpg,0.000401068704923091
id_1mg9d6um45a11.jpg,../../data/image/id_1mg9d6um45a11.jpg,0.9999992370605468
id_1mxmiinh3in5w.jpg,../../data/image/id_1mxmiinh3in5w.jpg,0.9999955415725708
id_1o0z9vydafcip.jpg,../../data/image/id_1o0z9vydafcip.jpg,0.9999458074569703
id_1oyut0pu9ttwn.jpg,../../data/image/id_1oyut0pu9ttwn.jpg,0.9999969244003296
id_1p57tw8nzazla.jpg,../../data/image/id_1p57tw8nzazla.jpg,5.077931200503372e-06
id_1pmxhqqn398l2.jpg,../../data/image/id_1pmxhqqn398l2.jpg,0.9999644517898559
id_1rb86b8diqbkw.jpg,../../data/image/id_1rb86b8diqbkw.jpg,0.9999995470046997
id_1u2q9ukp453ew.jpg,../../data/image/id_1u2q9ukp453ew.jpg,0.9999996900558472
id_1v75iehgemyt5.jpg,../../data/image/id_1v75iehgemyt5.jpg,0.9999995708465577
id_1v8w8sraqnbz2.jpg,../../data/image/id_1v8w8sraqnbz2.jpg,0.9999988317489624
id_1vzjypmfr35dl.jpg,../../data/image/id_1vzjypmfr35dl.jpg,0.9999991178512573
id_1wegwqn4mol4x.jpg,../../data/image/id_1wegwqn4mol4x.jpg,0.9999951601028443
id_1x288pfyh0tks.jpg,../../data/image/id_1x288pfyh0tks.jpg,0.9999971389770508
id_1yep96qak3c0q.jpg,../../data/image/id_1yep96qak3c0q.jpg,0.9999995708465577
id_1z0tnxk6yanpq.jpg,../../data/image/id_1z0tnxk6yanpq.jpg,1.535930709906097e-06
id_20msjfwkgnpj2.jpg,../../data/image/id_20msjfwkgnpj2.jpg,0.9999924659729004
id_23u2523twmk3x.jpg,../../data/image/id_23u2523twmk3x.jpg,2.686136451757193e-06
id_24kc7y2l44soo.jpg,../../data/image/id_24kc7y2l44soo.jpg,0.9999994277954102
id_24y48c27ilmqo.jpg,../../data/image/id_24y48c27ilmqo.jpg,7.723445696683484e-06
id_25kjf9gx2oph6.jpg,../../data/image/id_25kjf9gx2oph6.jpg,0.9999935388565063
id_26gvhdcwbps68.jpg,../../data/image/id_26gvhdcwbps68.jpg,0.9999995470046997
id_26i9wuheg2p76.jpg,../../data/image/id_26i9wuheg2p76.jpg,0.0039056003392033745
id_26vqumjqtzjac.jpg,../../data/image/id_26vqumjqtzjac.jpg,2.721218697843142e-06
id_26x9nux8rhmak.jpg,../../data/image/id_26x9nux8rhmak.jpg,0.9999996662139893
id_2bh7ggn1td8wd.jpg,../../data/image/id_2bh7ggn1td8wd.jpg,0.9999996423721313
id_2fsbbrb0xtls0.jpg,../../data/image/id_2fsbbrb0xtls0.jpg,0.9999995946884155
id_2g71zfjozopn5.jpg,../../data/image/id_2g71zfjozopn5.jpg,0.999965238571167
id_2gu27a9srjctq.jpg,../../data/image/id_2gu27a9srjctq.jpg,0.9999994277954102
id_2gybiveyn72x3.jpg,../../data/image/id_2gybiveyn72x3.jpg,2.3067838583301636e-05
id_2kbngayjhnwo7.jpg,../../data/image/id_2kbngayjhnwo7.jpg,2.2249634525906004e-06
id_2l0xkafave4e4.jpg,../../data/image/id_2l0xkafave4e4.jpg,0.9999942779541016
id_2m24qax58rgjy.jpg,../../data/image/id_2m24qax58rgjy.jpg,5.718077090932638e-06
id_2mtelbe1xj75b.jpg,../../data/image/id_2mtelbe1xj75b.jpg,0.9999996662139893
id_2n103793uxv6t.jpg,../../data/image/id_2n103793uxv6t.jpg,1.938059756412258e-06
id_2nbeko5u3hdrc.jpg,../../data/image/id_2nbeko5u3hdrc.jpg,0.9999994993209839
id_2npfqwk9gj7f3.jpg,../../data/image/id_2npfqwk9gj7f3.jpg,4.506902405410073e-06
id_2oz67goe3wikz.jpg,../../data/image/id_2oz67goe3wikz.jpg,8.04049079761171e-07
id_2p1ytnn9ssfpx.jpg,../../data/image/id_2p1ytnn9ssfpx.jpg,1.7242077319679083e-06
id_2p4ynokajypt8.jpg,../../data/image/id_2p4ynokajypt8.jpg,6.827471338510804e-07
id_2q2lcmu8px1gc.jpg,../../data/image/id_2q2lcmu8px1gc.jpg,9.926618508870888e-06
id_2q4bu7y0ebndb.jpg,../../data/image/id_2q4bu7y0ebndb.jpg,0.9999735593795777
id_2re2u636pz6ad.jpg,../../data/image/id_2re2u636pz6ad.jpg,0.9999986410140991
id_2rmmfa9y1f4ov.jpg,../../data/image/id_2rmmfa9y1f4ov.jpg,0.004977585877281854
id_2rweheoo68v70.jpg,../../data/image/id_2rweheoo68v70.jpg,7.559076323104818e-07
id_2u2vqnj12aeo4.jpg,../../data/image/id_2u2vqnj12aeo4.jpg,3.312723038106924e-06
id_2ws5ijb466pik.jpg,../../data/image/id_2ws5ijb466pik.jpg,0.9999998092651368
id_2x28dk29uzeoj.jpg,../../data/image/id_2x28dk29uzeoj.jpg,0.9999994039535522
id_2xptkialo0s7e.jpg,../../data/image/id_2xptkialo0s7e.jpg,1.7450017367082182e-06
id_2yahipbtapwkc.jpg,../../data/image/id_2yahipbtapwkc.jpg,3.972289118792105e-06
id_2yyp15mu9bdu7.jpg,../../data/image/id_2yyp15mu9bdu7.jpg,1.11193564862333e-06
id_304kp0whwf76q.jpg,../../data/image/id_304kp0whwf76q.jpg,0.9999996423721313
id_34mdlmsxqq6jf.jpg,../../data/image/id_34mdlmsxqq6jf.jpg,1.0952071306746803e-06
id_35mu78ih546fo.jpg,../../data/image/id_35mu78ih546fo.jpg,0.9999996423721313
id_35ug3not1c77s.jpg,../../data/image/id_35ug3not1c77s.jpg,0.9999966859817505
id_36a5otnedevqa.jpg,../../data/image/id_36a5otnedevqa.jpg,0.9999995231628418
id_36l7kbbawg9ry.jpg,../../data/image/id_36l7kbbawg9ry.jpg,1.778050210532456e-06
id_36odi7o5z16r9.jpg,../../data/image/id_36odi7o5z16r9.jpg,0.9999995231628418
id_38af2cntk76qn.jpg,../../data/image/id_38af2cntk76qn.jpg,0.9999994993209839
id_39luxkt7csd13.jpg,../../data/image/id_39luxkt7csd13.jpg,1.4788264479648205e-06
id_3aqdme2q8hp6n.jpg,../../data/image/id_3aqdme2q8hp6n.jpg,0.9999996900558472
id_3bermhe5hg2rm.jpg,../../data/image/id_3bermhe5hg2rm.jpg,0.999998664855957
id_3boz5a0eeysz6.jpg,../../data/image/id_3boz5a0eeysz6.jpg,0.9999986410140991
id_3buaeymvpzsy7.jpg,../../data/image/id_3buaeymvpzsy7.jpg,0.9999940156936645
id_3cn1i3qclbfhu.jpg,../../data/image/id_3cn1i3qclbfhu.jpg,1.959201063073124e-06
id_3f2v870m6jxvw.jpg,../../data/image/id_3f2v870m6jxvw.jpg,0.9999976873397827
id_3f44ta8e6ojk7.jpg,../../data/image/id_3f44ta8e6ojk7.jpg,1.7358820798563102e-06
id_3g5vtfft3wmhu.jpg,../../data/image/id_3g5vtfft3wmhu.jpg,1.707642143742305e-05
id_3gvjw21sjysp0.jpg,../../data/image/id_3gvjw21sjysp0.jpg,0.9999988317489624
id_3hdi9js2wqvsa.jpg,../../data/image/id_3hdi9js2wqvsa.jpg,3.617092949070866e-06
id_3hhd0u4z63jlp.jpg,../../data/image/id_3hhd0u4z63jlp.jpg,0.9999988555908204
id_3jh2djjioilgu.jpg,../../data/image/id_3jh2djjioilgu.jpg,0.9999987363815308
id_3mwfmlmvcm7yg.jpg,../../data/image/id_3mwfmlmvcm7yg.jpg,1.4422641243072576e-06
id_3n7huc6icb3ox.jpg,../../data/image/id_3n7huc6icb3ox.jpg,0.9999993562698364
id_3oncw1pb68k48.jpg,../../data/image/id_3oncw1pb68k48.jpg,0.9993663668632508
id_3qnb0pkju0w6j.jpg,../../data/image/id_3qnb0pkju0w6j.jpg,0.9999993801116943
id_3tbx74flc959d.jpg,../../data/image/id_3tbx74flc959d.jpg,2.485915033503261e-05
id_3ucfbtpyk78pi.jpg,../../data/image/id_3ucfbtpyk78pi.jpg,0.9999996900558472
id_3uvemnxqa931m.jpg,../../data/image/id_3uvemnxqa931m.jpg,1.4343918974191183e-05
id_3wf273ue1cgh2.jpg,../../data/image/id_3wf273ue1cgh2.jpg,0.9999991655349731
id_409xu09v9bk75.jpg,../../data/image/id_409xu09v9bk75.jpg,0.999999213218689
id_410w9hapl583g.jpg,../../data/image/id_410w9hapl583g.jpg,9.175690797746938e-06
id_41xu14z3p6oau.jpg,../../data/image/id_41xu14z3p6oau.jpg,2.3474214913221658e-05
id_41z82kqvasqs9.jpg,../../data/image/id_41z82kqvasqs9.jpg,2.697551417440991e-06
id_43b4443yxw8ro.jpg,../../data/image/id_43b4443yxw8ro.jpg,3.823601548447186e-06
id_45d963ifsml1n.jpg,../../data/image/id_45d963ifsml1n.jpg,0.9999990940093995
id_47b8me4cyifit.jpg,../../data/image/id_47b8me4cyifit.jpg,0.9999995470046997
id_47soif10ly3yn.jpg,../../data/image/id_47soif10ly3yn.jpg,0.9999992847442627
id_49g8ic9axxw5f.jpg,../../data/image/id_49g8ic9axxw5f.jpg,0.999999213218689
id_49r1s82ybh7bs.jpg,../../data/image/id_49r1s82ybh7bs.jpg,1.8944598537018464e-06
id_4d7sse2cektzw.jpg,../../data/image/id_4d7sse2cektzw.jpg,0.9999994277954102
id_4eslc29j924hd.jpg,../../data/image/id_4eslc29j924hd.jpg,0.9999996185302734
id_4ggf6501fpcp9.jpg,../../data/image/id_4ggf6501fpcp9.jpg,3.096113391620747e-06
id_4gu2xv8jgbeay.jpg,../../data/image/id_4gu2xv8jgbeay.jpg,3.742209287338483e-07
id_4if0b73l05tde.jpg,../../data/image/id_4if0b73l05tde.jpg,0.9999994993209839
id_4ims146cgq5sn.jpg,../../data/image/id_4ims146cgq5sn.jpg,0.9999995946884155
id_4jv6wve3ick5f.jpg,../../data/image/id_4jv6wve3ick5f.jpg,0.9999996662139893
id_4jw00ndyefbzx.jpg,../../data/image/id_4jw00ndyefbzx.jpg,0.9999995708465577
id_4ohn7damug4kx.jpg,../../data/image/id_4ohn7damug4kx.jpg,7.020248517619621e-07
id_4p11omowy0izq.jpg,../../data/image/id_4p11omowy0izq.jpg,0.0002642172864398162
id_4tk5wxl4255po.jpg,../../data/image/id_4tk5wxl4255po.jpg,0.9999996662139893
id_4wqs4hthjpya3.jpg,../../data/image/id_4wqs4hthjpya3.jpg,0.9999994993209839
id_4xfzmmgfc171g.jpg,../../data/image/id_4xfzmmgfc171g.jpg,0.9999991416931152
id_4xrd3ko2g8d8n.jpg,../../data/image/id_4xrd3ko2g8d8n.jpg,2.6380872077425012e-05
id_4xy0dl3e6db8x.jpg,../../data/image/id_4xy0dl3e6db8x.jpg,2.3842117570893604e-06
id_4y8an286led98.jpg,../../data/image/id_4y8an286led98.jpg,4.7369500464355954e-07
id_4yurbsx0b1x9m.jpg,../../data/image/id_4yurbsx0b1x9m.jpg,1.0285981261404232e-06
id_4z75taelnxyou.jpg,../../data/image/id_4z75taelnxyou.jpg,0.9999991893768311
id_4zfln6wv48mdw.jpg,../../data/image/id_4zfln6wv48mdw.jpg,5.322774768501404e-07
id_50e8946kxbe1a.jpg,../../data/image/id_50e8946kxbe1a.jpg,1.0744380961114076e-05
id_50edsxup3qvgl.jpg,../../data/image/id_50edsxup3qvgl.jpg,0.9999995708465577
id_5198bchzrpws2.jpg,../../data/image/id_5198bchzrpws2.jpg,0.9999983072280884
id_51i5bkwsy04y1.jpg,../../data/image/id_51i5bkwsy04y1.jpg,0.9999993324279786
id_51lonq2vfen6h.jpg,../../data/image/id_51lonq2vfen6h.jpg,6.454792055592407e-05
id_539bc6yzgmjtm.jpg,../../data/image/id_539bc6yzgmjtm.jpg,6.875887777368916e-07
id_56egppuh54bq0.jpg,../../data/image/id_56egppuh54bq0.jpg,0.0001894469947728794
id_56yiey29qhfqj.jpg,../../data/image/id_56yiey29qhfqj.jpg,0.999999713897705
id_57pzkkjj9puat.jpg,../../data/image/id_57pzkkjj9puat.jpg,2.4667340539963333e-06
id_59ccfoxko83ep.jpg,../../data/image/id_59ccfoxko83ep.jpg,0.9999994039535522
id_59ix9sywh926s.jpg,../../data/image/id_59ix9sywh926s.jpg,2.4065202978817977e-06
id_59xhantwxjh93.jpg,../../data/image/id_59xhantwxjh93.jpg,9.003425293485635e-06
id_5aks00n4wsays.jpg,../../data/image/id_5aks00n4wsays.jpg,0.9999996185302734
id_5avjgq6ghg9bn.jpg,../../data/image/id_5avjgq6ghg9bn.jpg,1.3992664605666504e-06
id_5bq4vea4ozfre.jpg,../../data/image/id_5bq4vea4ozfre.jpg,1.4430599890147278e-06
id_5cz68gzaywzc3.jpg,../../data/image/id_5cz68gzaywzc3.jpg,8.825414374769025e-06
id_5d4tm640cxehn.jpg,../../data/image/id_5d4tm640cxehn.jpg,0.9999991178512573
id_5dcv17hazcfxv.jpg,../../data/image/id_5dcv17hazcfxv.jpg,1.2154616001680552e-06
id_5gfn01h3en4g7.jpg,../../data/image/id_5gfn01h3en4g7.jpg,0.015064447547774761
id_5h3a5k8kgkeqz.jpg,../../data/image/id_5h3a5k8kgkeqz.jpg,0.9999990224838257
id_5hh7jywb7o8fk.jpg,../../data/image/id_5hh7jywb7o8fk.jpg,0.9999994277954102
id_5libvvmb4f0kf.jpg,../../data/image/id_5libvvmb4f0kf.jpg,6.562654618846864e-07
id_5lx8yz38d737l.jpg,../../data/image/id_5lx8yz38d737l.jpg,0.9999989032745361
id_5oduvqqhbx06q.jpg,../../data/image/id_5oduvqqhbx06q.jpg,9.409271092408744e-06
id_5ov0l3ik06dvh.jpg,../../data/image/id_5ov0l3ik06dvh.jpg,0.9999989986419677
id_5ozfvfnkmr7kr.jpg,../../data/image/id_5ozfvfnkmr7kr.jpg,0.9999985933303833
id_5pgg1mpuwgssa.jpg,../../data/image/id_5pgg1mpuwgssa.jpg,0.0002877548260585172
id_5qairnsctmj6g.jpg,../../data/image/id_5qairnsctmj6g.jpg,3.6313563214207534e-06
id_5rxya1dylukmu.jpg,../../data/image/id_5rxya1dylukmu.jpg,6.364250367596469e-07
id_5sy4yt3x6oo8i.jpg,../../data/image/id_5sy4yt3x6oo8i.jpg,0.9999989986419677
id_5v4jix3jp04u2.jpg,../../data/image/id_5v4jix3jp04u2.jpg,5.221716122605358e-07
id_5wfdyw2yhoi39.jpg,../../data/image/id_5wfdyw2yhoi39.jpg,1.3978231663713813e-06
id_5yumb1f3akbih.jpg,../../data/image/id_5yumb1f3akbih.jpg,0.9999985933303833
id_5z17uurrnd1n9.jpg,../../data/image/id_5z17uurrnd1n9.jpg,0.9999987840652466
id_60cub0eob7s2x.jpg,../../data/image/id_60cub0eob7s2x.jpg,1.8911118104369962e-06
id_60pstby71axh3.jpg,../../data/image/id_60pstby71axh3.jpg,0.9999994993209839
id_60uthvnthclr2.jpg,../../data/image/id_60uthvnthclr2.jpg,0.9999989748001099
id_62k4vr9fjdhvz.jpg,../../data/image/id_62k4vr9fjdhvz.jpg,1.551765399199212e-06
id_6361fc78lznej.jpg,../../data/image/id_6361fc78lznej.jpg,0.999999713897705
id_63e6bnh99yr8e.jpg,../../data/image/id_63e6bnh99yr8e.jpg,2.8186388362883006e-06
id_646qi8rbpqqhu.jpg,../../data/image/id_646qi8rbpqqhu.jpg,2.8846026680184876e-06
id_64p8vw5t1msl9.jpg,../../data/image/id_64p8vw5t1msl9.jpg,8.142254955600947e-06
id_64s92a2hpeaha.jpg,../../data/image/id_64s92a2hpeaha.jpg,0.9999989032745361
id_66zo551dez9qw.jpg,../../data/image/id_66zo551dez9qw.jpg,0.0008738657401409
id_69rchs4om86wg.jpg,../../data/image/id_69rchs4om86wg.jpg,0.9999991416931152
id_6a59vynbqfrp3.jpg,../../data/image/id_6a59vynbqfrp3.jpg,8.45739219812458e-07
id_6aro4b8y9uqx9.jpg,../../data/image/id_6aro4b8y9uqx9.jpg,0.9999890565872193
id_6bobg5bunqm7d.jpg,../../data/image/id_6bobg5bunqm7d.jpg,0.9999873876571655
id_6cj7m6kb49iug.jpg,../../data/image/id_6cj7m6kb49iug.jpg,0.9999991655349731
id_6ecynb5o6j0r1.jpg,../../data/image/id_6ecynb5o6j0r1.jpg,0.999999213218689
id_6eyj0q84l8c79.jpg,../../data/image/id_6eyj0q84l8c79.jpg,1.909102047648048e-06
id_6fg87l8h3ka10.jpg,../../data/image/id_6fg87l8h3ka10.jpg,3.460894595264108e-06
id_6fxf14x3iyu3t.jpg,../../data/image/id_6fxf14x3iyu3t.jpg,0.9999994993209839
id_6g6b9pzh9wrxk.jpg,../../data/image/id_6g6b9pzh9wrxk.jpg,0.00028144373991381146
id_6mq0u3ir3uvk5.jpg,../../data/image/id_6mq0u3ir3uvk5.jpg,2.7215377394895766e-05
id_6n6nsna8b28bs.jpg,../../data/image/id_6n6nsna8b28bs.jpg,2.506629584786424e-06
id_6ook8801ytuw2.jpg,../../data/image/id_6ook8801ytuw2.jpg,0.999998664855957
id_6pq39ivvqqym1.jpg,../../data/image/id_6pq39ivvqqym1.jpg,0.9999997615814209
id_6qwe3p965ejkd.jpg,../../data/image/id_6qwe3p965ejkd.jpg,3.2896693824113752e-06
id_6t1egpy7ivnyc.jpg,../../data/image/id_6t1egpy7ivnyc.jpg,2.1271929085742158e-06
id_71x0pzxwucfjo.jpg,../../data/image/id_71x0pzxwucfjo.jpg,1.4528783765399566e-06
id_72sk7ju71qmbh.jpg,../../data/image/id_72sk7ju71qmbh.jpg,0.999999713897705
id_74px7xvkyzvhz.jpg,../../data/image/id_74px7xvkyzvhz.jpg,2.5927469323505647e-06
id_74q5egz8yy5c5.jpg,../../data/image/id_74q5egz8yy5c5.jpg,0.9999990463256836
id_75g2ut71g3uzi.jpg,../../data/image/id_75g2ut71g3uzi.jpg,1.9865685999320703e-06
id_76muoxvhp7a2q.jpg,../../data/image/id_76muoxvhp7a2q.jpg,1.2090931659258785e-05
id_771bxr4u4zbic.jpg,../../data/image/id_771bxr4u4zbic.jpg,1.5042254381114617e-05
id_77942k4mx3whm.jpg,../../data/image/id_77942k4mx3whm.jpg,1.1929658512599417e-06
id_77b14mjd55rfc.jpg,../../data/image/id_77b14mjd55rfc.jpg,0.9999994993209839
id_77l8hsoe4wvlf.jpg,../../data/image/id_77l8hsoe4wvlf.jpg,1.6276258293146383e-06
id_794mavhkknrwm.jpg,../../data/image/id_794mavhkknrwm.jpg,0.0030791818207944743
id_79kbaop01pwxt.jpg,../../data/image/id_79kbaop01pwxt.jpg,2.2319541926663077e-06
id_7a02yvik5560y.jpg,../../data/image/id_7a02yvik5560y.jpg,0.9999995708465577
id_7b5453prwqjbl.jpg,../../data/image/id_7b5453prwqjbl.jpg,0.999999713897705
id_7by4d95256hwh.jpg,../../data/image/id_7by4d95256hwh.jpg,1.5258267012541182e-06
id_7cl4v57l1pntg.jpg,../../data/image/id_7cl4v57l1pntg.jpg,8.429937111031904e-07
id_7e84segtz7vy6.jpg,../../data/image/id_7e84segtz7vy6.jpg,0.999999713897705
id_7e94jjbqqf9uh.jpg,../../data/image/id_7e94jjbqqf9uh.jpg,0.999999213218689
id_7ev3q3omkmf57.jpg,../../data/image/id_7ev3q3omkmf57.jpg,6.562593910075521e-07
id_7f9ahqb4shttr.jpg,../../data/image/id_7f9ahqb4shttr.jpg,0.9999994039535522
id_7fdhk1n6hoc9g.jpg,../../data/image/id_7fdhk1n6hoc9g.jpg,0.9999996185302734
id_7hoawcieqg1t5.jpg,../../data/image/id_7hoawcieqg1t5.jpg,1.7913046235662477e-06
id_7honk0fmv6bhe.jpg,../../data/image/id_7honk0fmv6bhe.jpg,0.9999996423721313
id_7il04emph38vg.jpg,../../data/image/id_7il04emph38vg.jpg,0.9999987840652466
id_7klbihicfglh2.jpg,../../data/image/id_7klbihicfglh2.jpg,0.9999992847442627
id_7kqo93nf7e1eb.jpg,../../data/image/id_7kqo93nf7e1eb.jpg,0.9999975442886353
id_7mbak5yr8whbe.jpg,../../data/image/id_7mbak5yr8whbe.jpg,0.9999985933303833
id_7qg8td2rgfadm.jpg,../../data/image/id_7qg8td2rgfadm.jpg,0.9999994516372681
id_7r4x3xh7cf9t7.jpg,../../data/image/id_7r4x3xh7cf9t7.jpg,1.617941163658543e-05
id_7rwzstixodos2.jpg,../../data/image/id_7rwzstixodos2.jpg,1.6412926470366075e-06
id_7s0lsde63l3a7.jpg,../../data/image/id_7s0lsde63l3a7.jpg,0.9999992609024048
id_7u4p0wklpcq8i.jpg,../../data/image/id_7u4p0wklpcq8i.jpg,1.1391986447506497e-06
id_7v22tggxeqw0z.jpg,../../data/image/id_7v22tggxeqw0z.jpg,2.866848990379367e-06
id_7vbwir3fgtub5.jpg,../../data/image/id_7vbwir3fgtub5.jpg,3.8900311301404146e-05
id_7w0vaoi054qjw.jpg,../../data/image/id_7w0vaoi054qjw.jpg,0.9999988794326782
id_7w7iuw6vyeuxn.jpg,../../data/image/id_7w7iuw6vyeuxn.jpg,0.9999993324279786
id_7wjhb1g25ox4k.jpg,../../data/image/id_7wjhb1g25ox4k.jpg,3.8029075426493364e-06
id_7z9ulp4vtg24o.jpg,../../data/image/id_7z9ulp4vtg24o.jpg,2.3658188638364664e-06
id_80cam1dk5d2iu.jpg,../../data/image/id_80cam1dk5d2iu.jpg,0.9999993085861206
id_831oqjmkabdp2.jpg,../../data/image/id_831oqjmkabdp2.jpg,1.2122453972551739e-05
id_83xjw59s3f89s.jpg,../../data/image/id_83xjw59s3f89s.jpg,7.510802806791617e-05
id_8c1rjyuzecwy3.jpg,../../data/image/id_8c1rjyuzecwy3.jpg,4.470075100471149e-06
id_8ddzqb8t8oam3.jpg,../../data/image/id_8ddzqb8t8oam3.jpg,0.9999998092651368
id_8dq95qyanyr10.jpg,../../data/image/id_8dq95qyanyr10.jpg,7.99684204366713e-07
id_8haqm8z4r3pkc.jpg,../../data/image/id_8haqm8z4r3pkc.jpg,0.9999993085861206
id_8i8lvp32xqqwt.jpg,../../data/image/id_8i8lvp32xqqwt.jpg,0.9999979257583618
id_8jcupq7v5n2d6.jpg,../../data/image/id_8jcupq7v5n2d6.jpg,1.4079961033530707e-06
id_8ju8mq4uq8pf9.jpg,../../data/image/id_8ju8mq4uq8pf9.jpg,1.1888693791206606e-06
id_8jy53aqj1p09c.jpg,../../data/image/id_8jy53aqj1p09c.jpg,0.9999996423721313
id_8k79nzz5m0nox.jpg,../../data/image/id_8k79nzz5m0nox.jpg,1.1742748768028832e-05
id_8o7aii608g617.jpg,../../data/image/id_8o7aii608g617.jpg,0.9999995470046997
id_8qcco1p7ax7yz.jpg,../../data/image/id_8qcco1p7ax7yz.jpg,0.9999993801116943
id_8rhvb31a2sjqn.jpg,../../data/image/id_8rhvb31a2sjqn.jpg,0.9999995708465577
id_8s4ak2muh2hqf.jpg,../../data/image/id_8s4ak2muh2hqf.jpg,0.9999838590621948
id_8wal6t915tcle.jpg,../../data/image/id_8wal6t915tcle.jpg,0.999999737739563
id_8wv8fgqeltihh.jpg,../../data/image/id_8wv8fgqeltihh.jpg,0.9999997615814209
id_8xhsdu88vzucd.jpg,../../data/image/id_8xhsdu88vzucd.jpg,2.34398271459213e-06
id_8y744z2pzc6k5.jpg,../../data/image/id_8y744z2pzc6k5.jpg,0.9999987840652466
id_920lx0w40l5bc.jpg,../../data/image/id_920lx0w40l5bc.jpg,0.9999989986419677
id_947ppknd5n35k.jpg,../../data/image/id_947ppknd5n35k.jpg,6.960843506931269e-07
id_96p35y6zto078.jpg,../../data/image/id_96p35y6zto078.jpg,0.9999996185302734
id_96tauaogd34nq.jpg,../../data/image/id_96tauaogd34nq.jpg,0.9999991893768311
id_98q592pua2fiq.jpg,../../data/image/id_98q592pua2fiq.jpg,8.848377774484107e-07
id_98sw4b0feufcb.jpg,../../data/image/id_98sw4b0feufcb.jpg,0.9999994516372681
id_997nave1s34c2.jpg,../../data/image/id_997nave1s34c2.jpg,8.744177534936171e-07
id_9bdmwfp1y1f0z.jpg,../../data/image/id_9bdmwfp1y1f0z.jpg,0.9999995470046997
id_9bdmxw5gga3n9.jpg,../../data/image/id_9bdmxw5gga3n9.jpg,5.440120594357722e-06
id_9bl0ktavy9wjw.jpg,../../data/image/id_9bl0ktavy9wjw.jpg,7.363082318079251e-07
id_9c38hth679bt2.jpg,../../data/image/id_9c38hth679bt2.jpg,3.0670653359266e-06
id_9df551udvd7d0.jpg,../../data/image/id_9df551udvd7d0.jpg,0.00034994735833606685
id_9echr7690pj0m.jpg,../../data/image/id_9echr7690pj0m.jpg,1.2882520195489632e-06
id_9f7joebkno5q1.jpg,../../data/image/id_9f7joebkno5q1.jpg,5.59505488126888e-06
id_9fcj5ih44ok93.jpg,../../data/image/id_9fcj5ih44ok93.jpg,1.88180813438521e-06
id_9fy3hsg6ee84q.jpg,../../data/image/id_9fy3hsg6ee84q.jpg,5.898259723835509e-06
id_9gpbcmswohvf2.jpg,../../data/image/id_9gpbcmswohvf2.jpg,7.605060318383039e-06
id_9gzghxkrcnhgl.jpg,../../data/image/id_9gzghxkrcnhgl.jpg,0.9999994516372681
id_9ivs9hqh2ohb8.jpg,../../data/image/id_9ivs9hqh2ohb8.jpg,0.999998950958252
id_9jns8girsycuf.jpg,../../data/image/id_9jns8girsycuf.jpg,2.410723254797631e-06
id_9k8jzn3imnw39.jpg,../../data/image/id_9k8jzn3imnw39.jpg,2.7049624077335465e-05
id_9lglkvqx4b7ob.jpg,../../data/image/id_9lglkvqx4b7ob.jpg,4.027286598784485e-06
id_9q0uc9xad7tvy.jpg,../../data/image/id_9q0uc9xad7tvy.jpg,5.926910534981289e-06
id_9qqaai85sphf3.jpg,../../data/image/id_9qqaai85sphf3.jpg,0.999999713897705
id_9r6fcsdmnn8aw.jpg,../../data/image/id_9r6fcsdmnn8aw.jpg,5.3307129746826835e-06
id_9ro47f0dbinn2.jpg,../../data/image/id_9ro47f0dbinn2.jpg,0.9999996185302734
id_9stj11h5sb6nq.jpg,../../data/image/id_9stj11h5sb6nq.jpg,1.2882737928521238e-05
id_9t8avtzytr6of.jpg,../../data/image/id_9t8avtzytr6of.jpg,0.9999863624572753
id_9upafqmbampxb.jpg,../../data/image/id_9upafqmbampxb.jpg,1.1419556176406332e-05
id_9uzxnxq94ynha.jpg,../../data/image/id_9uzxnxq94ynha.jpg,0.9999985933303833
id_9x58mtyj2xg4a.jpg,../../data/image/id_9x58mtyj2xg4a.jpg,0.9999993324279786
id_a301ospcfk02m.jpg,../../data/image/id_a301ospcfk02m.jpg,3.813417976061828e-07
id_a3lwbml92fydz.jpg,../../data/image/id_a3lwbml92fydz.jpg,0.9999998331069946
id_a5oeot82nw9yz.jpg,../../data/image/id_a5oeot82nw9yz.jpg,6.156174436000583e-07
id_a6l4ysktupw1a.jpg,../../data/image/id_a6l4ysktupw1a.jpg,1.562419618039712e-05
id_a6mgclpida5bs.jpg,../../data/image/id_a6mgclpida5bs.jpg,0.999998140335083
id_a6q61f95nduw8.jpg,../../data/image/id_a6q61f95nduw8.jpg,0.9999992609024048
id_a8lnf5igeqs78.jpg,../../data/image/id_a8lnf5igeqs78.jpg,8.356558328159736e-06
id_a9rvruhzm9871.jpg,../../data/image/id_a9rvruhzm9871.jpg,4.868255894052709e-06
id_aabz5umdxel28.jpg,../../data/image/id_aabz5umdxel28.jpg,7.54710599721875e-06
id_abr4c5w577a4l.jpg,../../data/image/id_abr4c5w577a4l.jpg,0.9999991893768311
id_acq4nyrr2q2yq.jpg,../../data/image/id_acq4nyrr2q2yq.jpg,1.4737889500793243e-06
id_ad6ktg180tfe6.jpg,../../data/image/id_ad6ktg180tfe6.jpg,0.007538229832425714
id_adc5fx3lahglc.jpg,../../data/image/id_adc5fx3lahglc.jpg,0.9999995946884155
id_agq9zw3dbjhyr.jpg,../../data/image/id_agq9zw3dbjhyr.jpg,0.9999993801116943
id_ahx8f5r6z3xvq.jpg,../../data/image/id_ahx8f5r6z3xvq.jpg,0.9999996423721313
id_ajh8j3fnb9pdh.jpg,../../data/image/id_ajh8j3fnb9pdh.jpg,0.999999737739563
id_ak0061sroqch2.jpg,../../data/image/id_ak0061sroqch2.jpg,3.998889098966174e-07
id_alk6bs7rhwuj6.jpg,../../data/image/id_alk6bs7rhwuj6.jpg,4.0556883504905274e-07
id_alu662k9vy7vh.jpg,../../data/image/id_alu662k9vy7vh.jpg,5.6561627616247275e-06
id_amm36gfqeo1af.jpg,../../data/image/id_amm36gfqeo1af.jpg,0.9999994993209839
id_ao0s59swr97at.jpg,../../data/image/id_ao0s59swr97at.jpg,2.203638532591867e-05
id_aq2tyimav0xd6.jpg,../../data/image/id_aq2tyimav0xd6.jpg,1.2743787124236405e-06
id_aryxxb4gbwzm2.jpg,../../data/image/id_aryxxb4gbwzm2.jpg,4.019442394564976e-06
id_asfv7ovj89rca.jpg,../../data/image/id_asfv7ovj89rca.jpg,3.0747045343559877e-06
id_assp3v5gust9n.jpg,../../data/image/id_assp3v5gust9n.jpg,0.9999992370605468
id_asxzipyhmevks.jpg,../../data/image/id_asxzipyhmevks.jpg,0.9999966144561767
id_aysfeippqwr7s.jpg,../../data/image/id_aysfeippqwr7s.jpg,4.127050715396763e-06
id_b2bj4x1c0i5oz.jpg,../../data/image/id_b2bj4x1c0i5oz.jpg,6.319445219560293e-07
id_b2d9hrtuxnn8m.jpg,../../data/image/id_b2d9hrtuxnn8m.jpg,0.9999990701675415
id_b33pa6paby2no.jpg,../../data/image/id_b33pa6paby2no.jpg,4.353812164481496e-06
id_b4m5ui85ubv10.jpg,../../data/image/id_b4m5ui85ubv10.jpg,0.999790894985199
id_b5napys9kq59h.jpg,../../data/image/id_b5napys9kq59h.jpg,4.493685253237345e-07
id_b8r56iiw725mf.jpg,../../data/image/id_b8r56iiw725mf.jpg,1.7163231973427173e-06
id_bcpjkvtrfshtt.jpg,../../data/image/id_bcpjkvtrfshtt.jpg,0.9999994277954102
id_bd5ri69rptqug.jpg,../../data/image/id_bd5ri69rptqug.jpg,3.5903118487112806e-06
id_bda0lklz5u87o.jpg,../../data/image/id_bda0lklz5u87o.jpg,0.9985535860061645
id_bdyydtvkepo6n.jpg,../../data/image/id_bdyydtvkepo6n.jpg,0.9999994516372681
id_bftloanag5hv0.jpg,../../data/image/id_bftloanag5hv0.jpg,0.999998927116394
id_bhoy9ri8o326r.jpg,../../data/image/id_bhoy9ri8o326r.jpg,0.9999984741210938
id_bioodytb5nvx5.jpg,../../data/image/id_bioodytb5nvx5.jpg,9.877586819584394e-07
id_bjh4nokw9y2vp.jpg,../../data/image/id_bjh4nokw9y2vp.jpg,2.9001130678807384e-05
id_bk66g3c5rh939.jpg,../../data/image/id_bk66g3c5rh939.jpg,1.06403919346576e-06
id_bmg28vd7hcqhd.jpg,../../data/image/id_bmg28vd7hcqhd.jpg,0.9999997615814209
id_bo570nafqp1mo.jpg,../../data/image/id_bo570nafqp1mo.jpg,0.9999998092651368
id_bp83o1rfvdyon.jpg,../../data/image/id_bp83o1rfvdyon.jpg,0.9999996662139893
id_br664b105gb7b.jpg,../../data/image/id_br664b105gb7b.jpg,0.9999958515167237
id_bu8pvqpxq0d3y.jpg,../../data/image/id_bu8pvqpxq0d3y.jpg,2.4621190163998106e-06
id_bufztcc1adj2p.jpg,../../data/image/id_bufztcc1adj2p.jpg,0.9999991893768311
id_buuuyyp73lqcu.jpg,../../data/image/id_buuuyyp73lqcu.jpg,1.7164504924949141e-06
id_bw9bw5kse2764.jpg,../../data/image/id_bw9bw5kse2764.jpg,1.992187833366188e-06
id_bwk82qyjt84qs.jpg,../../data/image/id_bwk82qyjt84qs.jpg,0.9999996900558472
id_bwxyeh4hlkj1e.jpg,../../data/image/id_bwxyeh4hlkj1e.jpg,0.9999986410140991
id_bzz64mw8y69dz.jpg,../../data/image/id_bzz64mw8y69dz.jpg,0.9999993085861206
id_c0xpx4nmaemx4.jpg,../../data/image/id_c0xpx4nmaemx4.jpg,0.9999990224838257
id_c25t9ym6mhlka.jpg,../../data/image/id_c25t9ym6mhlka.jpg,6.653766668023309e-05
id_c3elunfh3riwm.jpg,../../data/image/id_c3elunfh3riwm.jpg,0.9999974012374878
id_c3frbzk0wso33.jpg,../../data/image/id_c3frbzk0wso33.jpg,5.503149441210553e-06
id_c4m3k73f1m88i.jpg,../../data/image/id_c4m3k73f1m88i.jpg,0.9999979257583618
id_c4sya1pnc6wiq.jpg,../../data/image/id_c4sya1pnc6wiq.jpg,4.067031004524324e-05
id_c5mkvcy0cff1p.jpg,../../data/image/id_c5mkvcy0cff1p.jpg,0.9999778270721436
id_c7yuby0q534nb.jpg,../../data/image/id_c7yuby0q534nb.jpg,1.7188290712510935e-06
id_c81rb7732zuj6.jpg,../../data/image/id_c81rb7732zuj6.jpg,0.9999996662139893
id_cc3qfoso6kegk.jpg,../../data/image/id_cc3qfoso6kegk.jpg,0.9999993324279786
id_cdj0hk75uwthz.jpg,../../data/image/id_cdj0hk75uwthz.jpg,0.9999995231628418
id_cdpxchsmlec3l.jpg,../../data/image/id_cdpxchsmlec3l.jpg,0.9999989748001099
id_ce3uk6uhykr0u.jpg,../../data/image/id_ce3uk6uhykr0u.jpg,0.9999995708465577
id_ce50fdnq19gdr.jpg,../../data/image/id_ce50fdnq19gdr.jpg,0.9999996423721313
id_ce8p9yvoj498o.jpg,../../data/image/id_ce8p9yvoj498o.jpg,0.9999966859817505
id_cef99yakuap4i.jpg,../../data/image/id_cef99yakuap4i.jpg,0.9999995946884155
id_cfe4sss8crs9j.jpg,../../data/image/id_cfe4sss8crs9j.jpg,3.825714497907029e-06
id_cjgpglfxp54t4.jpg,../../data/image/id_cjgpglfxp54t4.jpg,3.1032311312628734e-06
id_ck3z5g0nnovqa.jpg,../../data/image/id_ck3z5g0nnovqa.jpg,8.078154172608265e-06
id_cm7qyzh4inhgw.jpg,../../data/image/id_cm7qyzh4inhgw.jpg,0.9999998569488525
id_cmbbvggqx3ksl.jpg,../../data/image/id_cmbbvggqx3ksl.jpg,0.0041253592322391345
id_cr90qtv58kryx.jpg,../../data/image/id_cr90qtv58kryx.jpg,0.9999480485916138
id_cs84u8qezak5w.jpg,../../data/image/id_cs84u8qezak5w.jpg,0.9999993085861206
id_csxznohquvls7.jpg,../../data/image/id_csxznohquvls7.jpg,1.2690576613749727e-05
id_cuszu7wlt9o2u.jpg,../../data/image/id_cuszu7wlt9o2u.jpg,0.9999940872192383
id_cv6ih283x075i.jpg,../../data/image/id_cv6ih283x075i.jpg,1.3623654240291216e-05
id_cwpciigblfb02.jpg,../../data/image/id_cwpciigblfb02.jpg,9.528712439532682e-07
id_cwwzus65ucyx3.jpg,../../data/image/id_cwwzus65ucyx3.jpg,6.3575002059224065e-06
id_cx084yxkctdtk.jpg,../../data/image/id_cx084yxkctdtk.jpg,3.9832326547184496e-05
id_cym4n0vr385g1.jpg,../../data/image/id_cym4n0vr385g1.jpg,0.002181494940305129
id_czeamudnh35fg.jpg,../../data/image/id_czeamudnh35fg.jpg,8.578234519518446e-06
id_d12lbm35m5n7y.jpg,../../data/image/id_d12lbm35m5n7y.jpg,3.2872820611373755e-06
id_d19dt0ui0crby.jpg,../../data/image/id_d19dt0ui0crby.jpg,0.9999974489212036
id_d437stks5umjk.jpg,../../data/image/id_d437stks5umjk.jpg,0.9999990224838257
id_d440ak7wgllwz.jpg,../../data/image/id_d440ak7wgllwz.jpg,2.2594212623516798e-06
id_d4q50vs2c28cl.jpg,../../data/image/id_d4q50vs2c28cl.jpg,0.9999993324279786
id_d4rlwk1jqqwn5.jpg,../../data/image/id_d4rlwk1jqqwn5.jpg,0.00011319885052216705
id_d5d1y7zvik92h.jpg,../../data/image/id_d5d1y7zvik92h.jpg,0.999999737739563
id_d5edofg2wm1nk.jpg,../../data/image/id_d5edofg2wm1nk.jpg,0.9999993562698364
id_d5takuokikvz4.jpg,../../data/image/id_d5takuokikvz4.jpg,2.1149314420654263e-06
id_d762bvcu98uhm.jpg,../../data/image/id_d762bvcu98uhm.jpg,2.748463271018409e-06
id_d7vd58fcgwlaw.jpg,../../data/image/id_d7vd58fcgwlaw.jpg,1.8279363189321885e-06
id_d8vatr4y29zde.jpg,../../data/image/id_d8vatr4y29zde.jpg,1.0824435548784095e-05
id_d9gp5gilf6ct5.jpg,../../data/image/id_d9gp5gilf6ct5.jpg,1.7845186221165933e-06
id_dbeorx8wd8b6u.jpg,../../data/image/id_dbeorx8wd8b6u.jpg,0.9999987363815308
id_dbnucwds1p9j4.jpg,../../data/image/id_dbnucwds1p9j4.jpg,7.4253681759728355e-06
id_deyup3jir6mea.jpg,../../data/image/id_deyup3jir6mea.jpg,1.1194182297913357e-05
id_dfbztiljqqwoo.jpg,../../data/image/id_dfbztiljqqwoo.jpg,8.674804064412455e-07
id_dfc9c2fim0c66.jpg,../../data/image/id_dfc9c2fim0c66.jpg,0.9999987125396729
id_dgro6ruuntxpm.jpg,../../data/image/id_dgro6ruuntxpm.jpg,0.9999917984008789
id_dgtyd7l1uivls.jpg,../../data/image/id_dgtyd7l1uivls.jpg,2.428950699595589e-06
id_dixgo558h60on.jpg,../../data/image/id_dixgo558h60on.jpg,5.980054254450806e-07
id_dj25q6do94r1g.jpg,../../data/image/id_dj25q6do94r1g.jpg,0.9999996185302734
id_djfa6fhdcj5gr.jpg,../../data/image/id_djfa6fhdcj5gr.jpg,0.9999655246734619
id_dkfec2t2bqod5.jpg,../../data/image/id_dkfec2t2bqod5.jpg,0.9999984741210938
id_dkzvwmnm20lcm.jpg,../../data/image/id_dkzvwmnm20lcm.jpg,6.228697657206794e-06
id_dnos809xgxc4e.jpg,../../data/image/id_dnos809xgxc4e.jpg,0.9999938488006592
id_dnw1qqwv3ckin.jpg,../../data/image/id_dnw1qqwv3ckin.jpg,0.999998950958252
id_doc6okyyzg3av.jpg,../../data/image/id_doc6okyyzg3av.jpg,4.890308559879486e-06
id_dqpf0ijjd64ef.jpg,../../data/image/id_dqpf0ijjd64ef.jpg,1.9295862671242504e-06
id_dqsn291q56uvk.jpg,../../data/image/id_dqsn291q56uvk.jpg,0.999999213218689
id_dqyqlg55m3c90.jpg,../../data/image/id_dqyqlg55m3c90.jpg,9.517902162770042e-06
id_drt4kh2e6asdh.jpg,../../data/image/id_drt4kh2e6asdh.jpg,2.3172033615992403e-05
id_ds563y2os96uf.jpg,../../data/image/id_ds563y2os96uf.jpg,2.224719867172098e-06
id_dugny36ll5xma.jpg,../../data/image/id_dugny36ll5xma.jpg,3.0061813845350118e-06
id_dy6bd86q9pv5z.jpg,../../data/image/id_dy6bd86q9pv5z.jpg,0.9999996900558472
id_dziz3860j8kam.jpg,../../data/image/id_dziz3860j8kam.jpg,0.9999994754791259
id_e05v27y6kqkqp.jpg,../../data/image/id_e05v27y6kqkqp.jpg,0.9999983072280884
id_e1z3zc206whuz.jpg,../../data/image/id_e1z3zc206whuz.jpg,0.9999682426452636
id_e2kisk0vz9hsf.jpg,../../data/image/id_e2kisk0vz9hsf.jpg,1.6561637949052966e-06
id_e2rszw5v19ucd.jpg,../../data/image/id_e2rszw5v19ucd.jpg,0.9999945163726807
id_e2sjume98s3n6.jpg,../../data/image/id_e2sjume98s3n6.jpg,0.9999996185302734
id_e3h4c8lg3t9y2.jpg,../../data/image/id_e3h4c8lg3t9y2.jpg,0.999999213218689
id_e4456nygs01fw.jpg,../../data/image/id_e4456nygs01fw.jpg,0.9999995946884155
id_e48xl5ah26ymg.jpg,../../data/image/id_e48xl5ah26ymg.jpg,0.9999996900558472
id_e4ax09auo93wk.jpg,../../data/image/id_e4ax09auo93wk.jpg,0.99999840259552
id_e4pzaejxzgz8p.jpg,../../data/image/id_e4pzaejxzgz8p.jpg,9.660334671934834e-06
id_e5fgssmd8jxi5.jpg,../../data/image/id_e5fgssmd8jxi5.jpg,0.9999991655349731
id_e5zvgve9kylzs.jpg,../../data/image/id_e5zvgve9kylzs.jpg,2.5932564426511815e-06
id_e645z1ei9vgs5.jpg,../../data/image/id_e645z1ei9vgs5.jpg,0.9999995708465577
id_e7xqnq399b2sm.jpg,../../data/image/id_e7xqnq399b2sm.jpg,1.8560283308488578e-06
id_e9capt6nna88e.jpg,../../data/image/id_e9capt6nna88e.jpg,8.244915943578234e-06
id_e9g2jdwqc4dz5.jpg,../../data/image/id_e9g2jdwqc4dz5.jpg,2.101297127410362e-06
id_ea1jqu0mupzju.jpg,../../data/image/id_ea1jqu0mupzju.jpg,0.9999589443206787
id_ea8zqkedri9bl.jpg,../../data/image/id_ea8zqkedri9bl.jpg,1.6999583522192553e-06
id_ecla9uti0d89o.jpg,../../data/image/id_ecla9uti0d89o.jpg,0.999998664855957
id_edg4lzvyv1k08.jpg,../../data/image/id_edg4lzvyv1k08.jpg,2.0451089312700786e-06
id_edhcnlow8q672.jpg,../../data/image/id_edhcnlow8q672.jpg,6.632684346641326e-07
id_edoizxdlev68r.jpg,../../data/image/id_edoizxdlev68r.jpg,7.934866516734474e-07
id_eeh0s4d3ykqbl.jpg,../../data/image/id_eeh0s4d3ykqbl.jpg,1.3767749715043465e-05
id_eepjii5xd0zu4.jpg,../../data/image/id_eepjii5xd0zu4.jpg,1.7600678575036e-06
id_eeye1kut4phcs.jpg,../../data/image/id_eeye1kut4phcs.jpg,4.76309926398244e-06
id_eg5ao8nwofufv.jpg,../../data/image/id_eg5ao8nwofufv.jpg,0.9999980688095093
id_egc11auqsjy30.jpg,../../data/image/id_egc11auqsjy30.jpg,1.127018379065703e-06
id_egmi063ob6fz0.jpg,../../data/image/id_egmi063ob6fz0.jpg,8.452273664261157e-06
id_eh4ifvp96pgr4.jpg,../../data/image/id_eh4ifvp96pgr4.jpg,0.9999989032745361
id_ehnkmex7ll2z1.jpg,../../data/image/id_ehnkmex7ll2z1.jpg,2.6523221322349854e-06
id_ehxk7now96mwj.jpg,../../data/image/id_ehxk7now96mwj.jpg,3.0943044293962886e-06
id_eijhpf3gr8jhw.jpg,../../data/image/id_eijhpf3gr8jhw.jpg,1.4155872918308887e-06
id_ej77m675vof2w.jpg,../../data/image/id_ej77m675vof2w.jpg,7.091538409440546e-05
id_ekyqyjrgdrj9b.jpg,../../data/image/id_ekyqyjrgdrj9b.jpg,1.8418605691294943e-06
id_el3tukh11gl3b.jpg,../../data/image/id_el3tukh11gl3b.jpg,1.052425932357437e-05
id_emp3f5rkfa2ku.jpg,../../data/image/id_emp3f5rkfa2ku.jpg,0.011103310721227898
id_emw7nnajyh9e0.jpg,../../data/image/id_emw7nnajyh9e0.jpg,7.049936561998038e-06
id_emxfp5zdjg2gt.jpg,../../data/image/id_emxfp5zdjg2gt.jpg,0.9999990224838257
id_ep73ws91voumm.jpg,../../data/image/id_ep73ws91voumm.jpg,2.688356005364767e-06
id_et8o3lm2zr81l.jpg,../../data/image/id_et8o3lm2zr81l.jpg,0.9831181406974793
id_exuxh3kcwd9ub.jpg,../../data/image/id_exuxh3kcwd9ub.jpg,4.782390988111729e-06
id_eyv59xwnghgin.jpg,../../data/image/id_eyv59xwnghgin.jpg,4.620916024578037e-06
id_eywzpvc40w4mj.jpg,../../data/image/id_eywzpvc40w4mj.jpg,0.9999992370605468
id_eznav0dln0l5f.jpg,../../data/image/id_eznav0dln0l5f.jpg,0.014387268979044165
id_f0mub1zp8kzpk.jpg,../../data/image/id_f0mub1zp8kzpk.jpg,1.3258626222523161e-05
id_f2smpidnutk1l.jpg,../../data/image/id_f2smpidnutk1l.jpg,0.999998927116394
id_f2xsr92rgyx32.jpg,../../data/image/id_f2xsr92rgyx32.jpg,1.7093979749915888e-06
id_f410gyqasdc8m.jpg,../../data/image/id_f410gyqasdc8m.jpg,5.334666525413922e-07
id_f4wmhl819mrwt.jpg,../../data/image/id_f4wmhl819mrwt.jpg,1.0423211392662778e-06
id_f5qju4mm4ohkp.jpg,../../data/image/id_f5qju4mm4ohkp.jpg,1.1225621051380585e-06
id_f6qdqbvb8dstq.jpg,../../data/image/id_f6qdqbvb8dstq.jpg,0.9999994277954102
id_f7v9k2vu34wuk.jpg,../../data/image/id_f7v9k2vu34wuk.jpg,0.9999984979629517
id_fcn2rzwzmp0b8.jpg,../../data/image/id_fcn2rzwzmp0b8.jpg,4.2728720245577275e-06
id_fcw8r1wrs3gsp.jpg,../../data/image/id_fcw8r1wrs3gsp.jpg,0.9999997854232788
id_fes7f8cppikpt.jpg,../../data/image/id_fes7f8cppikpt.jpg,0.9999993324279786
id_ffbn3xvzw99lx.jpg,../../data/image/id_ffbn3xvzw99lx.jpg,0.9999992609024048
id_fflu63kv6vxcl.jpg,../../data/image/id_fflu63kv6vxcl.jpg,2.0056014307101577e-06
id_fhcigpm4a78jf.jpg,../../data/image/id_fhcigpm4a78jf.jpg,3.1585338092554593e-06
id_fidqsb565rcl8.jpg,../../data/image/id_fidqsb565rcl8.jpg,5.155340295459609e-06
id_fjhmiebt5yew0.jpg,../../data/image/id_fjhmiebt5yew0.jpg,0.9999995470046997
id_fnxw68bcl5cj8.jpg,../../data/image/id_fnxw68bcl5cj8.jpg,0.9999993085861206
id_fouhcijrref16.jpg,../../data/image/id_fouhcijrref16.jpg,0.9999988317489624
id_fqgczdox0ixrg.jpg,../../data/image/id_fqgczdox0ixrg.jpg,1.5710083971498534e-06
id_frx82x9avx9f3.jpg,../../data/image/id_frx82x9avx9f3.jpg,2.0957745391569916e-06
id_fseel778folf8.jpg,../../data/image/id_fseel778folf8.jpg,1.87807745533064e-06
id_ftkgzq3d510ij.jpg,../../data/image/id_ftkgzq3d510ij.jpg,4.563001925816934e-06
id_ftx0knfcny2f2.jpg,../../data/image/id_ftx0knfcny2f2.jpg,0.9999991178512573
id_fwracje8ba6ea.jpg,../../data/image/id_fwracje8ba6ea.jpg,0.9999997615814209
id_fzkbb7yo08gx0.jpg,../../data/image/id_fzkbb7yo08gx0.jpg,0.0031198639955619
id_fzr9mdlzid59l.jpg,../../data/image/id_fzr9mdlzid59l.jpg,1.8181542714046372e-06
id_fzsgziazgk2my.jpg,../../data/image/id_fzsgziazgk2my.jpg,0.9999996423721313
id_g4kpinixevtqv.jpg,../../data/image/id_g4kpinixevtqv.jpg,9.025061785905564e-07
id_g4uz84ui23z1l.jpg,../../data/image/id_g4uz84ui23z1l.jpg,0.9999994039535522
id_g6d0qghtbgyw5.jpg,../../data/image/id_g6d0qghtbgyw5.jpg,3.640672503024689e-07
id_g7t0bccqt9eh2.jpg,../../data/image/id_g7t0bccqt9eh2.jpg,2.5438557031520757e-06
id_g8o9bqdjisxj4.jpg,../../data/image/id_g8o9bqdjisxj4.jpg,0.9999996185302734
id_g9yz6a6cb82zs.jpg,../../data/image/id_g9yz6a6cb82zs.jpg,0.9999991178512573
id_gan6tof7qq11n.jpg,../../data/image/id_gan6tof7qq11n.jpg,0.9999980688095093
id_genzpm2ebewh2.jpg,../../data/image/id_genzpm2ebewh2.jpg,0.9999996423721313
id_get8ah19qgktm.jpg,../../data/image/id_get8ah19qgktm.jpg,0.0001040150158587494
id_gfdf9zqr5wu1i.jpg,../../data/image/id_gfdf9zqr5wu1i.jpg,2.824995599439717e-05
id_gghnmp9hjfd4z.jpg,../../data/image/id_gghnmp9hjfd4z.jpg,3.751237227334059e-06
id_gidbipnnpr5bb.jpg,../../data/image/id_gidbipnnpr5bb.jpg,3.958236698053952e-06
id_gkgo9dey3q4yc.jpg,../../data/image/id_gkgo9dey3q4yc.jpg,0.9999994039535522
id_gkxz5pnetorhu.jpg,../../data/image/id_gkxz5pnetorhu.jpg,0.9999994993209839
id_glb54kimnm3kx.jpg,../../data/image/id_glb54kimnm3kx.jpg,0.9999991416931152
id_gn1gu82calsqx.jpg,../../data/image/id_gn1gu82calsqx.jpg,8.786009971117891e-07
id_gn8buoeu10fd3.jpg,../../data/image/id_gn8buoeu10fd3.jpg,0.9999996900558472
id_gn97b6fywfykt.jpg,../../data/image/id_gn97b6fywfykt.jpg,0.9999989748001099
id_go1bcuw1fxwrl.jpg,../../data/image/id_go1bcuw1fxwrl.jpg,1.977064243874338e-06
id_gq5og6uea73gx.jpg,../../data/image/id_gq5og6uea73gx.jpg,6.983296742646417e-07
id_gqlo065h5hctv.jpg,../../data/image/id_gqlo065h5hctv.jpg,0.9999990940093995
id_gry3yr6bmpho6.jpg,../../data/image/id_gry3yr6bmpho6.jpg,0.9999997854232788
id_gsljy1wtyji8c.jpg,../../data/image/id_gsljy1wtyji8c.jpg,6.248235476959962e-05
id_guq79iyjkvm05.jpg,../../data/image/id_guq79iyjkvm05.jpg,1.748711508753331e-06
id_guslvedithdei.jpg,../../data/image/id_guslvedithdei.jpg,1.5997221180441556e-05
id_gxnplt2net2uc.jpg,../../data/image/id_gxnplt2net2uc.jpg,1.3088094874547096e-05
id_gxxhz7aacw3no.jpg,../../data/image/id_gxxhz7aacw3no.jpg,2.290699700324694e-06
id_h1amuiz7pkpii.jpg,../../data/image/id_h1amuiz7pkpii.jpg,9.364490779262269e-06
id_h3icuz5rujzmo.jpg,../../data/image/id_h3icuz5rujzmo.jpg,0.9999982118606567
id_h43ol8e6j4zmv.jpg,../../data/image/id_h43ol8e6j4zmv.jpg,0.9999916553497314
id_h44gy7thpht2t.jpg,../../data/image/id_h44gy7thpht2t.jpg,6.7514645252231276e-06
id_h4gonrdjly79r.jpg,../../data/image/id_h4gonrdjly79r.jpg,1.6798654314698069e-06
id_h8eb7dgh83ex1.jpg,../../data/image/id_h8eb7dgh83ex1.jpg,0.9999991893768311
id_havb1sb4tm6qx.jpg,../../data/image/id_havb1sb4tm6qx.jpg,0.9999991893768311
id_hb05euc3ndd2q.jpg,../../data/image/id_hb05euc3ndd2q.jpg,0.9999993801116943
id_hbkyq0j3bztm3.jpg,../../data/image/id_hbkyq0j3bztm3.jpg,1.2625007184396963e-05
id_hde6uje04yrp3.jpg,../../data/image/id_hde6uje04yrp3.jpg,3.1144665172178065e-06
id_hdm8vgyjro62c.jpg,../../data/image/id_hdm8vgyjro62c.jpg,1.7438158351978928e-06
id_hf8m27ccek4og.jpg,../../data/image/id_hf8m27ccek4og.jpg,9.932985085470136e-06
id_hh4mflgk9bvxp.jpg,../../data/image/id_hh4mflgk9bvxp.jpg,0.9999987125396729
id_hhvo3acq2g6wq.jpg,../../data/image/id_hhvo3acq2g6wq.jpg,7.392579595943971e-06
id_hlcztz7jh33l0.jpg,../../data/image/id_hlcztz7jh33l0.jpg,0.9999994039535522
id_hmt0uv0j3p3mz.jpg,../../data/image/id_hmt0uv0j3p3mz.jpg,0.9999986410140991
id_hnlfykik5xxmg.jpg,../../data/image/id_hnlfykik5xxmg.jpg,0.9999993562698364
id_hpq6lvt6u12qt.jpg,../../data/image/id_hpq6lvt6u12qt.jpg,6.10862784924393e-06
id_hscszvx4p9r2j.jpg,../../data/image/id_hscszvx4p9r2j.jpg,5.067451274953782e-06
id_hswxvhytuldaf.jpg,../../data/image/id_hswxvhytuldaf.jpg,0.9999996900558472
id_huiywr6f30aik.jpg,../../data/image/id_huiywr6f30aik.jpg,0.9999994754791259
id_hurmc82na5roo.jpg,../../data/image/id_hurmc82na5roo.jpg,9.225108067312249e-06
id_hvqn1q4f18jbf.jpg,../../data/image/id_hvqn1q4f18jbf.jpg,0.9999358177185058
id_hy38v9zaw14hy.jpg,../../data/image/id_hy38v9zaw14hy.jpg,5.0509562356637614e-06
id_hyixhg9uupk57.jpg,../../data/image/id_hyixhg9uupk57.jpg,0.9999985456466675
id_hyo847219usfo.jpg,../../data/image/id_hyo847219usfo.jpg,8.07210963102989e-06
id_i1xk3a0mbcgwd.jpg,../../data/image/id_i1xk3a0mbcgwd.jpg,0.9999986410140991
id_i5swuj683wpi8.jpg,../../data/image/id_i5swuj683wpi8.jpg,0.9999989986419677
id_i6p1dubbxn1u6.jpg,../../data/image/id_i6p1dubbxn1u6.jpg,3.598814100769232e-06
id_i9rc564krvgf6.jpg,../../data/image/id_i9rc564krvgf6.jpg,3.924970474145084e-06
id_ia0lf0irc8kzm.jpg,../../data/image/id_ia0lf0irc8kzm.jpg,0.9999984502792358
id_iaqc5g7ckc2ll.jpg,../../data/image/id_iaqc5g7ckc2ll.jpg,0.9999996900558472
id_iazisb3npvywi.jpg,../../data/image/id_iazisb3npvywi.jpg,0.9999995946884155
id_idccghclk4wla.jpg,../../data/image/id_idccghclk4wla.jpg,0.9999979257583618
id_if0p5inzfsodu.jpg,../../data/image/id_if0p5inzfsodu.jpg,0.9999994277954102
id_igy2j3mdxebth.jpg,../../data/image/id_igy2j3mdxebth.jpg,0.9999987840652466
id_iij0bq9wwajur.jpg,../../data/image/id_iij0bq9wwajur.jpg,1.6763246037498903e-06
id_ikrqdut1fmh91.jpg,../../data/image/id_ikrqdut1fmh91.jpg,0.9999995708465577
id_ilpzt93nvszwx.jpg,../../data/image/id_ilpzt93nvszwx.jpg,1.8848413674277253e-05
id_iltf0gkjwnhxl.jpg,../../data/image/id_iltf0gkjwnhxl.jpg,0.9999988317489624
id_ilyvz27zm3af1.jpg,../../data/image/id_ilyvz27zm3af1.jpg,0.9999990224838257
id_imszqsm07ax37.jpg,../../data/image/id_imszqsm07ax37.jpg,1.422656282557e-06
id_invpyicxa0ws1.jpg,../../data/image/id_invpyicxa0ws1.jpg,7.358666198342689e-06
id_ip9aezlpwp8zr.jpg,../../data/image/id_ip9aezlpwp8zr.jpg,8.160782670074695e-07
id_iqllwircjcprz.jpg,../../data/image/id_iqllwircjcprz.jpg,0.9999996423721313
id_isbdddinfuio0.jpg,../../data/image/id_isbdddinfuio0.jpg,0.9999994277954102
id_it4gv676n6vla.jpg,../../data/image/id_it4gv676n6vla.jpg,0.9999998331069946
id_it8v60llkal00.jpg,../../data/image/id_it8v60llkal00.jpg,3.172673132212367e-06
id_itdigb6lgjllr.jpg,../../data/image/id_itdigb6lgjllr.jpg,0.9999982833862304
id_ixooabldxtjr7.jpg,../../data/image/id_ixooabldxtjr7.jpg,1.3572725401900243e-05
id_iybt6v47ihs77.jpg,../../data/image/id_iybt6v47ihs77.jpg,4.641998384613544e-06
id_j1ccjqh3z30n6.jpg,../../data/image/id_j1ccjqh3z30n6.jpg,0.9999988555908204
id_j1g8gxq6mbr1v.jpg,../../data/image/id_j1g8gxq6mbr1v.jpg,0.9999997615814209
id_j1tql35njwgbx.jpg,../../data/image/id_j1tql35njwgbx.jpg,0.00015674794012738859
id_j3wxqokp2dno2.jpg,../../data/image/id_j3wxqokp2dno2.jpg,0.999998927116394
id_j7etxfwhwx31x.jpg,../../data/image/id_j7etxfwhwx31x.jpg,0.9999942302703857
id_jay9i9536lws0.jpg,../../data/image/id_jay9i9536lws0.jpg,0.9999822378158569
id_jdh5nzfqvmzop.jpg,../../data/image/id_jdh5nzfqvmzop.jpg,4.893780146630888e-06
id_jenjhazxz1m8y.jpg,../../data/image/id_jenjhazxz1m8y.jpg,0.9999953985214234
id_jfawcdvgckaoe.jpg,../../data/image/id_jfawcdvgckaoe.jpg,1.0335811339245993e-05
id_jgg8dh00hx51z.jpg,../../data/image/id_jgg8dh00hx51z.jpg,1.9511227378643527e-06
id_jgpf07teyj9q9.jpg,../../data/image/id_jgpf07teyj9q9.jpg,1.0158577651964152e-06
id_jhocdqi514hff.jpg,../../data/image/id_jhocdqi514hff.jpg,0.9999996423721313
id_jhzh1t9w6secd.jpg,../../data/image/id_jhzh1t9w6secd.jpg,0.9999990701675415
id_jjihi7ruy4m20.jpg,../../data/image/id_jjihi7ruy4m20.jpg,0.9999984502792358
id_jjtdpqlk0xcl2.jpg,../../data/image/id_jjtdpqlk0xcl2.jpg,1.9185557334822078e-06
id_jlnuo09hvgo2z.jpg,../../data/image/id_jlnuo09hvgo2z.jpg,0.10596699374436866
id_jndd1ks12glri.jpg,../../data/image/id_jndd1ks12glri.jpg,0.9999991655349731
id_jnjlii60om8v5.jpg,../../data/image/id_jnjlii60om8v5.jpg,6.1835386986786036e-06
id_jqtvwvqfai8pc.jpg,../../data/image/id_jqtvwvqfai8pc.jpg,1.4442907604461652e-05
id_jswje4f0pswq3.jpg,../../data/image/id_jswje4f0pswq3.jpg,2.405642482017356e-06
id_jt8vbi15hnty8.jpg,../../data/image/id_jt8vbi15hnty8.jpg,0.9999947071075439
id_jwre73shpdedx.jpg,../../data/image/id_jwre73shpdedx.jpg,1.754353934302344e-06
id_jwxuivgfollzc.jpg,../../data/image/id_jwxuivgfollzc.jpg,0.9999986886978149
id_jyja425z3qiom.jpg,../../data/image/id_jyja425z3qiom.jpg,7.440223362209508e-06
id_jyukpxtttha7j.jpg,../../data/image/id_jyukpxtttha7j.jpg,0.9999995470046997
id_k0o7ewbpcbhfu.jpg,../../data/image/id_k0o7ewbpcbhfu.jpg,0.999999713897705
id_k1gb7p9o2cc9i.jpg,../../data/image/id_k1gb7p9o2cc9i.jpg,0.9999995708465577
id_k1r1jz70fv8se.jpg,../../data/image/id_k1r1jz70fv8se.jpg,0.9999959468841553
id_k2olmbftscawq.jpg,../../data/image/id_k2olmbftscawq.jpg,2.7253783173364353e-06
id_k2yb6j2ru41me.jpg,../../data/image/id_k2yb6j2ru41me.jpg,0.9999994993209839
id_k4di1dr6bb0fq.jpg,../../data/image/id_k4di1dr6bb0fq.jpg,0.999998927116394
id_k5v0lm85ot123.jpg,../../data/image/id_k5v0lm85ot123.jpg,0.9999996662139893
id_ka0kvgu71000f.jpg,../../data/image/id_ka0kvgu71000f.jpg,1.3040921658102889e-06
id_kb8zc0m2y7wip.jpg,../../data/image/id_kb8zc0m2y7wip.jpg,2.244187385258556e-06
id_kbo2ke9bhatd0.jpg,../../data/image/id_kbo2ke9bhatd0.jpg,0.9999994754791259
id_kddaewz2y8mx9.jpg,../../data/image/id_kddaewz2y8mx9.jpg,0.9999994039535522
id_kefa6m4ywjocu.jpg,../../data/image/id_kefa6m4ywjocu.jpg,1.4477326703854488e-05
id_kf6gtapkrs9u1.jpg,../../data/image/id_kf6gtapkrs9u1.jpg,0.9999995470046997
id_kh8bru7blrui8.jpg,../../data/image/id_kh8bru7blrui8.jpg,5.75581383145618e-05
id_khobvee6108ss.jpg,../../data/image/id_khobvee6108ss.jpg,6.728521248078323e-06
id_klvf02gf4yzrn.jpg,../../data/image/id_klvf02gf4yzrn.jpg,0.9999995231628418
id_kn4ml4o177qgl.jpg,../../data/image/id_kn4ml4o177qgl.jpg,1.7274401329814281e-06
id_kolc6i1cdsqgi.jpg,../../data/image/id_kolc6i1cdsqgi.jpg,3.759418814297533e-06
id_kpsqlq0uj3sbo.jpg,../../data/image/id_kpsqlq0uj3sbo.jpg,0.9999925374984742
id_kqk5o9fp8pac2.jpg,../../data/image/id_kqk5o9fp8pac2.jpg,3.3456437449785882e-06
id_kv3ljzv7tlfo3.jpg,../../data/image/id_kv3ljzv7tlfo3.jpg,0.9999995708465577
id_kvcuf3jee8cei.jpg,../../data/image/id_kvcuf3jee8cei.jpg,0.999998664855957
id_kw5n7ufgzzxgn.jpg,../../data/image/id_kw5n7ufgzzxgn.jpg,0.999996542930603
id_kwzkjhys08iqt.jpg,../../data/image/id_kwzkjhys08iqt.jpg,0.0023395848875225056
id_ky42yzwkk6bb7.jpg,../../data/image/id_ky42yzwkk6bb7.jpg,1.6844635638335602e-06
id_kyb63lwe6t7d4.jpg,../../data/image/id_kyb63lwe6t7d4.jpg,1.1067745845139142e-06
id_kyl6ecpqi3g0c.jpg,../../data/image/id_kyl6ecpqi3g0c.jpg,2.005072303745692e-06
id_l0e7ym8962vpv.jpg,../../data/image/id_l0e7ym8962vpv.jpg,5.40314326826774e-06
id_l0pgtbqwsmu08.jpg,../../data/image/id_l0pgtbqwsmu08.jpg,0.9999958515167237
id_l1bj8tixuwx4f.jpg,../../data/image/id_l1bj8tixuwx4f.jpg,4.7388466327902275e-06
id_l1ixknyd0j65l.jpg,../../data/image/id_l1ixknyd0j65l.jpg,0.9999991655349731
id_l1vq9rttbrm6i.jpg,../../data/image/id_l1vq9rttbrm6i.jpg,0.9999989032745361
id_l2edkvl829i3m.jpg,../../data/image/id_l2edkvl829i3m.jpg,5.812585186504293e-07
id_l4o9q1stbkvdl.jpg,../../data/image/id_l4o9q1stbkvdl.jpg,7.287326043297071e-05
id_l8a1zyg15w7av.jpg,../../data/image/id_l8a1zyg15w7av.jpg,0.9999989748001099
id_l8xe7b3acko67.jpg,../../data/image/id_l8xe7b3acko67.jpg,0.9999967336654663
id_l9wgku4lvd4ai.jpg,../../data/image/id_l9wgku4lvd4ai.jpg,0.9999995946884155
id_lake5ks8rp1yu.jpg,../../data/image/id_lake5ks8rp1yu.jpg,0.9999990940093995
id_layfj6qd4mlqe.jpg,../../data/image/id_layfj6qd4mlqe.jpg,0.9999991178512573
id_lb10vd47ktcz7.jpg,../../data/image/id_lb10vd47ktcz7.jpg,1.8615981730363273e-06
id_lbrnekmzckfdz.jpg,../../data/image/id_lbrnekmzckfdz.jpg,2.1553505689553278e-06
id_lbwtyprgk0y36.jpg,../../data/image/id_lbwtyprgk0y36.jpg,4.945352088725485e-06
id_lel9yljzykxd5.jpg,../../data/image/id_lel9yljzykxd5.jpg,9.459130410505167e-07
id_lfc5upt5rujpr.jpg,../../data/image/id_lfc5upt5rujpr.jpg,0.9999969482421875
id_lfd07h32l1fqt.jpg,../../data/image/id_lfd07h32l1fqt.jpg,0.9999996900558472
id_lg1nmyiqvu2on.jpg,../../data/image/id_lg1nmyiqvu2on.jpg,7.547637505922467e-06
id_lk5rn9w248ud4.jpg,../../data/image/id_lk5rn9w248ud4.jpg,0.9999992609024048
id_lmn1r849i6hhl.jpg,../../data/image/id_lmn1r849i6hhl.jpg,1.258963987993411e-06
id_lmxurhq2728nw.jpg,../../data/image/id_lmxurhq2728nw.jpg,2.3359178157988934e-06
id_lpsuzw9wi85w1.jpg,../../data/image/id_lpsuzw9wi85w1.jpg,2.7187296154806974e-06
id_lt3icvh48y98y.jpg,../../data/image/id_lt3icvh48y98y.jpg,5.992865590087604e-06
id_lwjhmyou09wci.jpg,../../data/image/id_lwjhmyou09wci.jpg,2.920136357715819e-05
id_lwyyb50ndnf03.jpg,../../data/image/id_lwyyb50ndnf03.jpg,0.9999991655349731
id_lxhusf89rr52x.jpg,../../data/image/id_lxhusf89rr52x.jpg,0.9999976873397827
id_lyrgpmjw43aba.jpg,../../data/image/id_lyrgpmjw43aba.jpg,0.9999987840652466
id_lzvootknmcwlb.jpg,../../data/image/id_lzvootknmcwlb.jpg,0.9999984264373779
id_lzy6leo4qcawu.jpg,../../data/image/id_lzy6leo4qcawu.jpg,0.9999996423721313
id_m0yz1ly8ccxdc.jpg,../../data/image/id_m0yz1ly8ccxdc.jpg,7.516377022511733e-05
id_m1i63to23hwkj.jpg,../../data/image/id_m1i63to23hwkj.jpg,8.6623590959789e-06
id_m2qlxmk5p7hgd.jpg,../../data/image/id_m2qlxmk5p7hgd.jpg,4.752550557896029e-06
id_m3b6xq0gyx2xe.jpg,../../data/image/id_m3b6xq0gyx2xe.jpg,0.9999988794326782
id_m7o1243clhwmm.jpg,../../data/image/id_m7o1243clhwmm.jpg,1.5161350233938719e-06
id_m7rqav4ng6x03.jpg,../../data/image/id_m7rqav4ng6x03.jpg,0.9999988794326782
id_mams7qouneq3j.jpg,../../data/image/id_mams7qouneq3j.jpg,0.9998892784118653
id_mazz5tx7sum8u.jpg,../../data/image/id_mazz5tx7sum8u.jpg,9.564638457959517e-06
id_mbf7j3964o67q.jpg,../../data/image/id_mbf7j3964o67q.jpg,0.999999737739563
id_mdpzpt2ketsyu.jpg,../../data/image/id_mdpzpt2ketsyu.jpg,0.9999994277954102
id_mewt4hvmd487v.jpg,../../data/image/id_mewt4hvmd487v.jpg,0.9999993562698364
id_mfetxrbubfk3c.jpg,../../data/image/id_mfetxrbubfk3c.jpg,0.9696521520614624
id_mizh9svva4pp9.jpg,../../data/image/id_mizh9svva4pp9.jpg,0.9999996900558472
id_mj4hl7uw6orq3.jpg,../../data/image/id_mj4hl7uw6orq3.jpg,0.9999994516372681
id_mkqwpyp4hltef.jpg,../../data/image/id_mkqwpyp4hltef.jpg,0.9999980688095093
id_mo0ogqmahv22l.jpg,../../data/image/id_mo0ogqmahv22l.jpg,0.9999989986419677
id_momw3usif9jw7.jpg,../../data/image/id_momw3usif9jw7.jpg,0.9999990463256836
id_monei1xe42fub.jpg,../../data/image/id_monei1xe42fub.jpg,0.9999927520751953
id_mor10rapy2xwy.jpg,../../data/image/id_mor10rapy2xwy.jpg,3.5293230666866293e-06
id_mqn5ic7cqnota.jpg,../../data/image/id_mqn5ic7cqnota.jpg,3.6424452446226495e-06
id_mr30wyug5b666.jpg,../../data/image/id_mr30wyug5b666.jpg,5.1655856395882435e-06
id_mrmbmho7rbap3.jpg,../../data/image/id_mrmbmho7rbap3.jpg,1.8281333268532763e-06
id_ms7f8ijudi9g3.jpg,../../data/image/id_ms7f8ijudi9g3.jpg,0.9999996423721313
id_muhwttrzyz32i.jpg,../../data/image/id_muhwttrzyz32i.jpg,0.9999977588653565
id_mxw3c9bt27mc2.jpg,../../data/image/id_mxw3c9bt27mc2.jpg,1.6864023450580135e-06
id_myc7v7er223hi.jpg,../../data/image/id_myc7v7er223hi.jpg,0.9999992609024048
id_mz4efdpar7nkj.jpg,../../data/image/id_mz4efdpar7nkj.jpg,0.9999992609024048
id_mz8jzr5q5x56w.jpg,../../data/image/id_mz8jzr5q5x56w.jpg,2.2355881810653956e-06
id_mzwhrzdfzt92p.jpg,../../data/image/id_mzwhrzdfzt92p.jpg,0.9999952793121338
id_n08jqwe5wyzup.jpg,../../data/image/id_n08jqwe5wyzup.jpg,0.9999990701675415
id_n4ngsoix8hli8.jpg,../../data/image/id_n4ngsoix8hli8.jpg,0.9999824523925781
id_n5o8hduwpllfr.jpg,../../data/image/id_n5o8hduwpllfr.jpg,0.9999993801116943
id_n7nqkw3trcvm8.jpg,../../data/image/id_n7nqkw3trcvm8.jpg,0.9999978303909302
id_nb5rr8pxtou9l.jpg,../../data/image/id_nb5rr8pxtou9l.jpg,0.9999738216400147
id_ncnsr6r3yapue.jpg,../../data/image/id_ncnsr6r3yapue.jpg,1.2632258574285516e-06
id_nd9hffe63z9zq.jpg,../../data/image/id_nd9hffe63z9zq.jpg,0.9999975681304931
id_ndxgf9tl9qwdq.jpg,../../data/image/id_ndxgf9tl9qwdq.jpg,1.8198167481386918e-06
id_nghbouzl6cgse.jpg,../../data/image/id_nghbouzl6cgse.jpg,1.4440982283758785e-06
id_ngkfl09o0kv4s.jpg,../../data/image/id_ngkfl09o0kv4s.jpg,0.9999992370605468
id_nh8vyrxjxmyou.jpg,../../data/image/id_nh8vyrxjxmyou.jpg,1.600552459422033e-05
id_nhfhledm9pfjo.jpg,../../data/image/id_nhfhledm9pfjo.jpg,0.9999987363815308
id_nk4xdpv7xndw7.jpg,../../data/image/id_nk4xdpv7xndw7.jpg,0.9999993801116943
id_nkvydcwwidbol.jpg,../../data/image/id_nkvydcwwidbol.jpg,0.9999994039535522
id_nlbj2rs6kx6sk.jpg,../../data/image/id_nlbj2rs6kx6sk.jpg,0.999992060661316
id_nlefyji0lct4g.jpg,../../data/image/id_nlefyji0lct4g.jpg,1.895208504265611e-06
id_nnmtp23nh21z5.jpg,../../data/image/id_nnmtp23nh21z5.jpg,2.2986622298049043e-06
id_noqgtbgynw5w4.jpg,../../data/image/id_noqgtbgynw5w4.jpg,0.9999992847442627
id_nrbygqx47gy5k.jpg,../../data/image/id_nrbygqx47gy5k.jpg,0.9999991893768311
id_ns0abasanarqi.jpg,../../data/image/id_ns0abasanarqi.jpg,4.6951831700425827e-05
id_nsjoptnuki2p9.jpg,../../data/image/id_nsjoptnuki2p9.jpg,0.9999984979629517
id_nwi0p8dwx8ptc.jpg,../../data/image/id_nwi0p8dwx8ptc.jpg,2.8269301083128084e-06
id_nwwcndeemxu2o.jpg,../../data/image/id_nwwcndeemxu2o.jpg,0.9999988794326782
id_nxn2q3nmr535x.jpg,../../data/image/id_nxn2q3nmr535x.jpg,0.9999992609024048
id_nxx02raggxc15.jpg,../../data/image/id_nxx02raggxc15.jpg,1.6978798896616353e-06
id_o11klauzelgng.jpg,../../data/image/id_o11klauzelgng.jpg,7.008437182776106e-06
id_o21uilop3dllb.jpg,../../data/image/id_o21uilop3dllb.jpg,7.715813455888566e-06
id_o38opno238nk8.jpg,../../data/image/id_o38opno238nk8.jpg,2.2849937295177368e-06
id_o6t7l2svysvww.jpg,../../data/image/id_o6t7l2svysvww.jpg,0.9999992370605468
id_o737mxvh861be.jpg,../../data/image/id_o737mxvh861be.jpg,0.00011188019088876899
id_o8qbuynmoxsty.jpg,../../data/image/id_o8qbuynmoxsty.jpg,2.456974027609249e-06
id_oaiu59d8rhxr7.jpg,../../data/image/id_oaiu59d8rhxr7.jpg,1.813593378301448e-05
id_oeafp9yi0rhan.jpg,../../data/image/id_oeafp9yi0rhan.jpg,2.088941073452588e-06
id_ofz943jax1x5d.jpg,../../data/image/id_ofz943jax1x5d.jpg,1.6675315748670982e-06
id_og1y4cstvzrob.jpg,../../data/image/id_og1y4cstvzrob.jpg,0.002272375251050107
id_oh6xvpdp8o25m.jpg,../../data/image/id_oh6xvpdp8o25m.jpg,1.3053289421804949e-06
id_ohoc4pov4y6rn.jpg,../../data/image/id_ohoc4pov4y6rn.jpg,0.999999213218689
id_ohxqavosb5ixi.jpg,../../data/image/id_ohxqavosb5ixi.jpg,0.9999985694885254
id_oj4galpg817o8.jpg,../../data/image/id_oj4galpg817o8.jpg,0.9999991655349731
id_ok2fq09zjbm6t.jpg,../../data/image/id_ok2fq09zjbm6t.jpg,2.398795618319127e-06
id_oldskqcyvb2kl.jpg,../../data/image/id_oldskqcyvb2kl.jpg,0.9999988317489624
id_olfci5hg3eh2x.jpg,../../data/image/id_olfci5hg3eh2x.jpg,0.9999897480010986
id_omm8fucx8b7er.jpg,../../data/image/id_omm8fucx8b7er.jpg,0.9999989986419677
id_omo68gejurquf.jpg,../../data/image/id_omo68gejurquf.jpg,0.9999988317489624
id_on8l6a99l7bhv.jpg,../../data/image/id_on8l6a99l7bhv.jpg,1.2240608475622139e-05
id_oo78mfeju0nbg.jpg,../../data/image/id_oo78mfeju0nbg.jpg,0.9999993085861206
id_opltewbrcjecp.jpg,../../data/image/id_opltewbrcjecp.jpg,1.375684530557919e-06
id_oprawd4k0ij9p.jpg,../../data/image/id_oprawd4k0ij9p.jpg,1.1067998570979398e-06
id_oq9wvpi1vvz1o.jpg,../../data/image/id_oq9wvpi1vvz1o.jpg,0.9999993085861206
id_orncqtmi5kw6o.jpg,../../data/image/id_orncqtmi5kw6o.jpg,4.107714971723908e-07
id_oru6b7kzqjvie.jpg,../../data/image/id_oru6b7kzqjvie.jpg,0.9999788999557495
id_orzwhpvys7hzg.jpg,../../data/image/id_orzwhpvys7hzg.jpg,0.9999987840652466
id_ot428tqiflt48.jpg,../../data/image/id_ot428tqiflt48.jpg,2.7661814669954765e-06
id_ouh06zju4j8nb.jpg,../../data/image/id_ouh06zju4j8nb.jpg,0.9999993085861206
id_owrwsvk3bxyw9.jpg,../../data/image/id_owrwsvk3bxyw9.jpg,8.292292704936699e-07
id_oyrmkfw89eiob.jpg,../../data/image/id_oyrmkfw89eiob.jpg,0.9999995470046997
id_ozu2ixk3nkkun.jpg,../../data/image/id_ozu2ixk3nkkun.jpg,0.999991488456726
id_p0m5f62mger4t.jpg,../../data/image/id_p0m5f62mger4t.jpg,3.1934312232806407e-06
id_p16dadbw5m4fa.jpg,../../data/image/id_p16dadbw5m4fa.jpg,1.9366426840861094e-06
id_p1a0ikrgk1fco.jpg,../../data/image/id_p1a0ikrgk1fco.jpg,6.150216540845576e-06
id_p1dcn9qh0pxlp.jpg,../../data/image/id_p1dcn9qh0pxlp.jpg,4.921811514577712e-05
id_p1q3qf4v2xun7.jpg,../../data/image/id_p1q3qf4v2xun7.jpg,1.444265781174181e-05
id_p1uokicmxvoxg.jpg,../../data/image/id_p1uokicmxvoxg.jpg,0.0001920160691952333
id_p28nfmr2n5am1.jpg,../../data/image/id_p28nfmr2n5am1.jpg,3.2008853509069014e-06
id_p2io92ha3lnb8.jpg,../../data/image/id_p2io92ha3lnb8.jpg,1.06678733118315e-06
id_p558aqyu20hsc.jpg,../../data/image/id_p558aqyu20hsc.jpg,3.1902432056085672e-06
id_p59pcho4cd51m.jpg,../../data/image/id_p59pcho4cd51m.jpg,0.9999753952026367
id_p8rmp495ey6co.jpg,../../data/image/id_p8rmp495ey6co.jpg,2.8019722844874195e-05
id_p9vx81s4ve7vt.jpg,../../data/image/id_p9vx81s4ve7vt.jpg,0.9999986886978149
id_pakinm5d8ufpb.jpg,../../data/image/id_pakinm5d8ufpb.jpg,0.9999993801116943
id_pb3zi0odtx9ac.jpg,../../data/image/id_pb3zi0odtx9ac.jpg,0.9999987125396729
id_pdaxmekw6uh2i.jpg,../../data/image/id_pdaxmekw6uh2i.jpg,7.939609560025928e-07
id_pdp1pti5vk1yw.jpg,../../data/image/id_pdp1pti5vk1yw.jpg,0.9999996423721313
id_pg657dl795e8w.jpg,../../data/image/id_pg657dl795e8w.jpg,0.9998460412025452
id_pgg56puxlc2af.jpg,../../data/image/id_pgg56puxlc2af.jpg,6.984876790738781e-06
id_phe2hq3n9aeuw.jpg,../../data/image/id_phe2hq3n9aeuw.jpg,0.9999987840652466
id_piwkt52knf4l2.jpg,../../data/image/id_piwkt52knf4l2.jpg,1.605815864422766e-05
id_pj5xu38vgev0g.jpg,../../data/image/id_pj5xu38vgev0g.jpg,0.9999807596206665
id_pkjt3idvxgjka.jpg,../../data/image/id_pkjt3idvxgjka.jpg,4.3797564330816385e-07
id_pry014kxj2igz.jpg,../../data/image/id_pry014kxj2igz.jpg,0.9980032324790955
id_pufm091dl92m1.jpg,../../data/image/id_pufm091dl92m1.jpg,0.9999990463256836
id_pvkeyokoxrr3q.jpg,../../data/image/id_pvkeyokoxrr3q.jpg,1.3928060525358887e-05
id_pyyqm7ia5nxyf.jpg,../../data/image/id_pyyqm7ia5nxyf.jpg,0.9999963760375976
id_q0aj8r9pb90n1.jpg,../../data/image/id_q0aj8r9pb90n1.jpg,0.9999994993209839
id_q18t89sqbo3km.jpg,../../data/image/id_q18t89sqbo3km.jpg,1.367829634091322e-06
id_q3eou22t0r6sj.jpg,../../data/image/id_q3eou22t0r6sj.jpg,5.460495162878942e-06
id_q3ftdnga4e70q.jpg,../../data/image/id_q3ftdnga4e70q.jpg,0.9999991178512573
id_q3xsu688zwse0.jpg,../../data/image/id_q3xsu688zwse0.jpg,6.583443464478478e-05
id_q4d9qc3n8m6t7.jpg,../../data/image/id_q4d9qc3n8m6t7.jpg,0.9999985218048095
id_q6zskktkcq6tv.jpg,../../data/image/id_q6zskktkcq6tv.jpg,5.812019162476645e-06
id_q8nnzvn3akpu0.jpg,../../data/image/id_q8nnzvn3akpu0.jpg,4.15438157688186e-06
id_q9daonjjvzc3b.jpg,../../data/image/id_q9daonjjvzc3b.jpg,0.9999994277954102
id_qa36zgpjttkwq.jpg,../../data/image/id_qa36zgpjttkwq.jpg,0.9999995946884155
id_qcofwv9m6h692.jpg,../../data/image/id_qcofwv9m6h692.jpg,9.974376325772027e-07
id_qdiyttv9v3ux6.jpg,../../data/image/id_qdiyttv9v3ux6.jpg,0.9999994754791259
id_qg0yhwgbfzff4.jpg,../../data/image/id_qg0yhwgbfzff4.jpg,0.9999970674514771
id_qgh17745tj1nw.jpg,../../data/image/id_qgh17745tj1nw.jpg,0.9999988794326782
id_qgms497hd7f9v.jpg,../../data/image/id_qgms497hd7f9v.jpg,0.9999990224838257
id_qhfi2q2g3w6el.jpg,../../data/image/id_qhfi2q2g3w6el.jpg,0.9999995946884155
id_qhhb4krv5zqmd.jpg,../../data/image/id_qhhb4krv5zqmd.jpg,1.4081185872782953e-05
id_qhozk9p0hxb5u.jpg,../../data/image/id_qhozk9p0hxb5u.jpg,1.2721514281111014e-06
id_qk85yrn9r3vw2.jpg,../../data/image/id_qk85yrn9r3vw2.jpg,0.00014666798570033278
id_qlwv8jx122zgm.jpg,../../data/image/id_qlwv8jx122zgm.jpg,4.4219034407433354e-07
id_qmu0sn3haptpj.jpg,../../data/image/id_qmu0sn3haptpj.jpg,0.9999975681304931
id_qp7ixc7rq8qmm.jpg,../../data/image/id_qp7ixc7rq8qmm.jpg,8.25965338435708e-07
id_qqg8yco4p28th.jpg,../../data/image/id_qqg8yco4p28th.jpg,0.9999992609024048
id_qs1akpsidz7t2.jpg,../../data/image/id_qs1akpsidz7t2.jpg,0.999998950958252
id_qsoo3p51uezmg.jpg,../../data/image/id_qsoo3p51uezmg.jpg,0.9999994277954102
id_qt1504gpum0qq.jpg,../../data/image/id_qt1504gpum0qq.jpg,0.9999988794326782
id_qtpu3v248zc89.jpg,../../data/image/id_qtpu3v248zc89.jpg,1.4097258645051625e-05
id_quklbj6x87ljl.jpg,../../data/image/id_quklbj6x87ljl.jpg,1.6449356053271913e-06
id_quztmouq7k9ea.jpg,../../data/image/id_quztmouq7k9ea.jpg,0.9999976634979248
id_qv5s1smwa293n.jpg,../../data/image/id_qv5s1smwa293n.jpg,0.9999996662139893
id_qw304ubi1hf9p.jpg,../../data/image/id_qw304ubi1hf9p.jpg,0.9999984741210938
id_qxoa8snnu771a.jpg,../../data/image/id_qxoa8snnu771a.jpg,7.853025834947403e-07
id_qyeduxbi97wtm.jpg,../../data/image/id_qyeduxbi97wtm.jpg,3.1524910582447775e-06
id_qyzk24x95y1n2.jpg,../../data/image/id_qyzk24x95y1n2.jpg,0.999998664855957
id_r03luzygsw8ai.jpg,../../data/image/id_r03luzygsw8ai.jpg,1.4877506055199774e-05
id_r1wq8uexjo1n1.jpg,../../data/image/id_r1wq8uexjo1n1.jpg,0.9999998331069946
id_r2q53etylo9yf.jpg,../../data/image/id_r2q53etylo9yf.jpg,2.7047816615777267e-06
id_r63gbzv2g5q6i.jpg,../../data/image/id_r63gbzv2g5q6i.jpg,0.9999985694885254
id_r65rvo59lds7r.jpg,../../data/image/id_r65rvo59lds7r.jpg,0.9999996423721313
id_r6y5klavbejrs.jpg,../../data/image/id_r6y5klavbejrs.jpg,3.0069874355831415e-06
id_r8tgcvo0bdcxi.jpg,../../data/image/id_r8tgcvo0bdcxi.jpg,0.004735896724741906
id_rcaea35t2oimj.jpg,../../data/image/id_rcaea35t2oimj.jpg,0.9999989986419677
id_reko3vvt3119c.jpg,../../data/image/id_reko3vvt3119c.jpg,1.379704309556473e-06
id_reky85zdlxewa.jpg,../../data/image/id_reky85zdlxewa.jpg,2.292227293310134e-06
id_rgp5yp3y39ywm.jpg,../../data/image/id_rgp5yp3y39ywm.jpg,0.9999996662139893
id_rgrcdm8npocqo.jpg,../../data/image/id_rgrcdm8npocqo.jpg,0.9999991893768311
id_rh03mlft8cocp.jpg,../../data/image/id_rh03mlft8cocp.jpg,0.9999985933303833
id_rhzdh4jqtw5dv.jpg,../../data/image/id_rhzdh4jqtw5dv.jpg,0.9999996900558472
id_rkq058wvap3d0.jpg,../../data/image/id_rkq058wvap3d0.jpg,0.9999986886978149
id_rmuisfft7vyh0.jpg,../../data/image/id_rmuisfft7vyh0.jpg,3.853544558296562e-06
id_rpfpq3fkrppqu.jpg,../../data/image/id_rpfpq3fkrppqu.jpg,5.393290700794751e-06
id_rrpt0uigrshn1.jpg,../../data/image/id_rrpt0uigrshn1.jpg,2.3850724005569645e-06
id_rsemunqzv02ab.jpg,../../data/image/id_rsemunqzv02ab.jpg,0.9999975442886353
id_rtj3dxcyd30eb.jpg,../../data/image/id_rtj3dxcyd30eb.jpg,0.9999995946884155
id_ry9xpo7ujfbdq.jpg,../../data/image/id_ry9xpo7ujfbdq.jpg,0.9999996423721313
id_s2sx1wu2t47si.jpg,../../data/image/id_s2sx1wu2t47si.jpg,0.9999993801116943
id_s4gq9mynu4v9v.jpg,../../data/image/id_s4gq9mynu4v9v.jpg,0.999999737739563
id_s5qrxe555yb08.jpg,../../data/image/id_s5qrxe555yb08.jpg,0.9999986886978149
id_s5tdcubmb9yal.jpg,../../data/image/id_s5tdcubmb9yal.jpg,0.999997878074646
id_s60ogpa520trb.jpg,../../data/image/id_s60ogpa520trb.jpg,0.9999995708465577
id_s6bo94l24dft9.jpg,../../data/image/id_s6bo94l24dft9.jpg,2.7349352421879304e-06
id_s7z6pldk5a9bs.jpg,../../data/image/id_s7z6pldk5a9bs.jpg,2.843516151642689e-05
id_sawi5skoqagig.jpg,../../data/image/id_sawi5skoqagig.jpg,3.578092503175867e-06
id_sawk7dtnu1okg.jpg,../../data/image/id_sawk7dtnu1okg.jpg,0.9999982833862304
id_sb9l61fupq5si.jpg,../../data/image/id_sb9l61fupq5si.jpg,1.0860352517738647e-06
id_sbrywv60v4bhs.jpg,../../data/image/id_sbrywv60v4bhs.jpg,0.9999993085861206
id_scy8uzfdxfjke.jpg,../../data/image/id_scy8uzfdxfjke.jpg,2.8896371304654167e-06
id_se8sve0aewqrx.jpg,../../data/image/id_se8sve0aewqrx.jpg,0.9999934196472168
id_se9t6bbpwcboj.jpg,../../data/image/id_se9t6bbpwcboj.jpg,3.285865304860636e-05
id_sfvcij8ne337l.jpg,../../data/image/id_sfvcij8ne337l.jpg,1.773334690824413e-06
id_sg2veaj57h3my.jpg,../../data/image/id_sg2veaj57h3my.jpg,0.01643141806125641
id_sh2ygj5mljwgu.jpg,../../data/image/id_sh2ygj5mljwgu.jpg,0.9999967575073242
id_sj11donor2xqq.jpg,../../data/image/id_sj11donor2xqq.jpg,1.7206419727244792e-06
id_sk93481ce1hqe.jpg,../../data/image/id_sk93481ce1hqe.jpg,0.9999965190887451
id_slp5p9yox8i1e.jpg,../../data/image/id_slp5p9yox8i1e.jpg,6.125189742078874e-07
id_sn8p1ituhofx4.jpg,../../data/image/id_sn8p1ituhofx4.jpg,0.9999989748001099
id_snyxyh5ygnnch.jpg,../../data/image/id_snyxyh5ygnnch.jpg,0.9999991655349731
id_sp3hcwx1h2ijd.jpg,../../data/image/id_sp3hcwx1h2ijd.jpg,2.61245696037804e-05
id_sp7cfys193i7h.jpg,../../data/image/id_sp7cfys193i7h.jpg,0.9999992370605468
id_spqpoqpgzxopc.jpg,../../data/image/id_spqpoqpgzxopc.jpg,1.1022034186680686e-06
id_srkotm81kydt4.jpg,../../data/image/id_srkotm81kydt4.jpg,0.0002861589819076471
id_sso3d86mj6p2a.jpg,../../data/image/id_sso3d86mj6p2a.jpg,3.2479163110110676e-06
id_stgoxknza04ef.jpg,../../data/image/id_stgoxknza04ef.jpg,0.9999995470046997
id_subun3j6fwwgd.jpg,../../data/image/id_subun3j6fwwgd.jpg,0.9999991893768311
id_suno8rneiz4d3.jpg,../../data/image/id_suno8rneiz4d3.jpg,0.9999993562698364
id_svv8wlgw91l5u.jpg,../../data/image/id_svv8wlgw91l5u.jpg,1.228924293172895e-06
id_syww04hsrlmr2.jpg,../../data/image/id_syww04hsrlmr2.jpg,1.182135713406751e-06
id_szjom7pipdegv.jpg,../../data/image/id_szjom7pipdegv.jpg,3.2227425776909513e-06
id_t0akpkfejcg6p.jpg,../../data/image/id_t0akpkfejcg6p.jpg,1.775642332404459e-05
id_t19lvzbjibvff.jpg,../../data/image/id_t19lvzbjibvff.jpg,1.9340843937243336e-05
id_t52s29t4qjwk0.jpg,../../data/image/id_t52s29t4qjwk0.jpg,0.9999994516372681
id_t5ti6gpghrwp8.jpg,../../data/image/id_t5ti6gpghrwp8.jpg,0.9999988555908204
id_t6ni0s3luhvd9.jpg,../../data/image/id_t6ni0s3luhvd9.jpg,0.9999986410140991
id_t7rr935lk5cme.jpg,../../data/image/id_t7rr935lk5cme.jpg,0.9999993085861206
id_t819dxagi82uo.jpg,../../data/image/id_t819dxagi82uo.jpg,0.00011258990980422823
id_t8bubeamk3jw0.jpg,../../data/image/id_t8bubeamk3jw0.jpg,0.9999995231628418
id_t8utks2bj0uik.jpg,../../data/image/id_t8utks2bj0uik.jpg,1.4237649793358286e-06
id_ta4zanp3qvqg4.jpg,../../data/image/id_ta4zanp3qvqg4.jpg,3.679422616187367e-06
id_tbc33rw6x98vj.jpg,../../data/image/id_tbc33rw6x98vj.jpg,1.9817314500869544e-05
id_tbnx3gvpvb407.jpg,../../data/image/id_tbnx3gvpvb407.jpg,2.117784961228608e-05
id_th0splikrybjo.jpg,../../data/image/id_th0splikrybjo.jpg,0.9999994754791259
id_tip85303wy58u.jpg,../../data/image/id_tip85303wy58u.jpg,0.9999990940093995
id_tiqzifyhmd0hg.jpg,../../data/image/id_tiqzifyhmd0hg.jpg,0.0002887824462959543
id_tjik2voum4efu.jpg,../../data/image/id_tjik2voum4efu.jpg,1.3107236668474798e-06
id_tl2wh9zwemq7w.jpg,../../data/image/id_tl2wh9zwemq7w.jpg,0.999997615814209
id_tpo35ot9uzhht.jpg,../../data/image/id_tpo35ot9uzhht.jpg,2.5821012400228937e-06
id_ts61gee3gnr0j.jpg,../../data/image/id_ts61gee3gnr0j.jpg,0.00011185882794961799
id_tsgmslybhuxru.jpg,../../data/image/id_tsgmslybhuxru.jpg,0.9999994039535522
id_tujmya610mzq8.jpg,../../data/image/id_tujmya610mzq8.jpg,2.4052129901974694e-06
id_tuk8clh3a29mx.jpg,../../data/image/id_tuk8clh3a29mx.jpg,1.8085461078953814e-06
id_txsu6j6g4xk6l.jpg,../../data/image/id_txsu6j6g4xk6l.jpg,5.896503853364265e-06
id_u0p2ychjinom1.jpg,../../data/image/id_u0p2ychjinom1.jpg,0.9999986410140991
id_u1yq25iyffhs7.jpg,../../data/image/id_u1yq25iyffhs7.jpg,0.9999980211257935
id_u2t0g4xn20qcu.jpg,../../data/image/id_u2t0g4xn20qcu.jpg,2.7251338224232313e-05
id_u44qe00y0624p.jpg,../../data/image/id_u44qe00y0624p.jpg,0.9999931573867797
id_u5cgdvspkcd1t.jpg,../../data/image/id_u5cgdvspkcd1t.jpg,9.362581238292478e-07
id_u5o6o6mmvgnn0.jpg,../../data/image/id_u5o6o6mmvgnn0.jpg,0.9999972105026245
id_u5p14y6gcsbd4.jpg,../../data/image/id_u5p14y6gcsbd4.jpg,2.879734620364616e-06
id_u5sdl7x851o49.jpg,../../data/image/id_u5sdl7x851o49.jpg,2.079948467326176e-06
id_u6kr51horikuk.jpg,../../data/image/id_u6kr51horikuk.jpg,1.0013839209932485e-05
id_u7bmxv35i8eps.jpg,../../data/image/id_u7bmxv35i8eps.jpg,0.9999993324279786
id_u7c4cgp79ssf0.jpg,../../data/image/id_u7c4cgp79ssf0.jpg,0.9999988317489624
id_u7qzqba3623cy.jpg,../../data/image/id_u7qzqba3623cy.jpg,6.217213410764089e-07
id_u8l2shzgw06eu.jpg,../../data/image/id_u8l2shzgw06eu.jpg,9.484938658488318e-07
id_u9vp6yysie6er.jpg,../../data/image/id_u9vp6yysie6er.jpg,0.9999996185302734
id_uak9ol07gvsou.jpg,../../data/image/id_uak9ol07gvsou.jpg,1.0447227509757795e-06
id_ubzelu1txmzuj.jpg,../../data/image/id_ubzelu1txmzuj.jpg,1.9167690197718913e-06
id_uca5ygbqpk80h.jpg,../../data/image/id_uca5ygbqpk80h.jpg,9.765787694959726e-07
id_ue07rv7g55wio.jpg,../../data/image/id_ue07rv7g55wio.jpg,2.1760909248769166e-06
id_uepvhmqmybs54.jpg,../../data/image/id_uepvhmqmybs54.jpg,0.9999994277954102
id_ufqksvob7fl0o.jpg,../../data/image/id_ufqksvob7fl0o.jpg,4.4695076439893455e-06
id_uh4fa093yuzrm.jpg,../../data/image/id_uh4fa093yuzrm.jpg,1.221645322857512e-06
id_uhfxlx76abuja.jpg,../../data/image/id_uhfxlx76abuja.jpg,0.9999994277954102
id_uibnqp22lhmcz.jpg,../../data/image/id_uibnqp22lhmcz.jpg,1.5181688286247664e-05
id_uikwqhvsze306.jpg,../../data/image/id_uikwqhvsze306.jpg,0.9999993801116943
id_uluaff8phq2da.jpg,../../data/image/id_uluaff8phq2da.jpg,4.3030280494349427e-07
id_ulz9zat7y48p3.jpg,../../data/image/id_ulz9zat7y48p3.jpg,0.9999984264373779
id_umsv364un6a84.jpg,../../data/image/id_umsv364un6a84.jpg,2.69224384737754e-05
id_uorhzleq7e5z8.jpg,../../data/image/id_uorhzleq7e5z8.jpg,0.9999992609024048
id_uqqzlxlpcv5jg.jpg,../../data/image/id_uqqzlxlpcv5jg.jpg,6.479683452198515e-05
id_ur6mc3tuimko7.jpg,../../data/image/id_ur6mc3tuimko7.jpg,9.50493716800338e-07
id_urfj0q60utk0l.jpg,../../data/image/id_urfj0q60utk0l.jpg,0.32989072874188424
id_urzulxpy314wp.jpg,../../data/image/id_urzulxpy314wp.jpg,0.9999987840652466
id_us3wrixkuy8xp.jpg,../../data/image/id_us3wrixkuy8xp.jpg,4.6444165946013525e-06
id_ut9h7f66f41l8.jpg,../../data/image/id_ut9h7f66f41l8.jpg,3.6836318486166418e-06
id_uteb8xtiw8okh.jpg,../../data/image/id_uteb8xtiw8okh.jpg,0.9999995231628418
id_uuy6g69cxtfa6.jpg,../../data/image/id_uuy6g69cxtfa6.jpg,1.942441269875417e-06
id_uwpjlabmua56w.jpg,../../data/image/id_uwpjlabmua56w.jpg,7.762948735035025e-06
id_uyrvfhalkhn4i.jpg,../../data/image/id_uyrvfhalkhn4i.jpg,0.9999997854232788
id_uzzds6sqaqi0m.jpg,../../data/image/id_uzzds6sqaqi0m.jpg,0.9999994754791259
id_v144gkuxjl3k5.jpg,../../data/image/id_v144gkuxjl3k5.jpg,1.1292338604107499e-05
id_v1jpjln5wvu4b.jpg,../../data/image/id_v1jpjln5wvu4b.jpg,0.9999991655349731
id_v2ovk3ljffcuv.jpg,../../data/image/id_v2ovk3ljffcuv.jpg,0.9999996900558472
id_v4mto5ppx855h.jpg,../../data/image/id_v4mto5ppx855h.jpg,0.9999995231628418
id_v4smeahojyusb.jpg,../../data/image/id_v4smeahojyusb.jpg,1.1334607961543952e-06
id_v4y0poc7d9u3w.jpg,../../data/image/id_v4y0poc7d9u3w.jpg,1.037664633258828e-05
id_v4zb5q5wetikx.jpg,../../data/image/id_v4zb5q5wetikx.jpg,0.9999989032745361
id_v54wbov1kvcd9.jpg,../../data/image/id_v54wbov1kvcd9.jpg,0.0004448644082003739
id_v78t4emp1985p.jpg,../../data/image/id_v78t4emp1985p.jpg,0.9999995708465577
id_v7unhim7vonjk.jpg,../../data/image/id_v7unhim7vonjk.jpg,0.9999993085861206
id_v8gjlfgnpj55j.jpg,../../data/image/id_v8gjlfgnpj55j.jpg,3.569785485524335e-06
id_vb6bfjd52vyis.jpg,../../data/image/id_vb6bfjd52vyis.jpg,0.9999989748001099
id_vbw31bwmru9e2.jpg,../../data/image/id_vbw31bwmru9e2.jpg,1.232624629210477e-06
id_ve8o0syb8izuq.jpg,../../data/image/id_ve8o0syb8izuq.jpg,0.9999889135360718
id_vemzm5w9ogb20.jpg,../../data/image/id_vemzm5w9ogb20.jpg,0.9999812841415405
id_vfmguj5bajin4.jpg,../../data/image/id_vfmguj5bajin4.jpg,1.0255642706624712e-06
id_vg9ik79ghapah.jpg,../../data/image/id_vg9ik79ghapah.jpg,9.558652664054535e-07
id_vge9yeqkttjv5.jpg,../../data/image/id_vge9yeqkttjv5.jpg,0.017156107319169677
id_vgza7i15s3vum.jpg,../../data/image/id_vgza7i15s3vum.jpg,0.9999985933303833
id_vhaqbprdfmitj.jpg,../../data/image/id_vhaqbprdfmitj.jpg,1.688445297531871e-06
id_vj0vfh86qo794.jpg,../../data/image/id_vj0vfh86qo794.jpg,0.9999974727630615
id_vj2y7sea5wie6.jpg,../../data/image/id_vj2y7sea5wie6.jpg,0.9999996662139893
id_vj84xwpwgptjc.jpg,../../data/image/id_vj84xwpwgptjc.jpg,0.9999993801116943
id_vlk312ey8fsm8.jpg,../../data/image/id_vlk312ey8fsm8.jpg,0.9999991893768311
id_vlnt1wfcbzqmm.jpg,../../data/image/id_vlnt1wfcbzqmm.jpg,0.9999998092651368
id_vmdx69g7b6y2x.jpg,../../data/image/id_vmdx69g7b6y2x.jpg,0.9999997854232788
id_vmgyb02b5ju8j.jpg,../../data/image/id_vmgyb02b5ju8j.jpg,4.379600727588695e-05
id_vmh8s93olep4f.jpg,../../data/image/id_vmh8s93olep4f.jpg,0.0013482009093422676
id_vnwfvoodyd6ie.jpg,../../data/image/id_vnwfvoodyd6ie.jpg,0.9999990940093995
id_vnyrw0wxwyepq.jpg,../../data/image/id_vnyrw0wxwyepq.jpg,2.325360537724919e-06
id_vo2uqgba7zkqv.jpg,../../data/image/id_vo2uqgba7zkqv.jpg,3.6189280990583938e-06
id_vprwi4mgl3e81.jpg,../../data/image/id_vprwi4mgl3e81.jpg,2.4538479465263664e-06
id_vrwxq04mx28i2.jpg,../../data/image/id_vrwxq04mx28i2.jpg,0.9999996185302734
id_vsryghg0q2uzy.jpg,../../data/image/id_vsryghg0q2uzy.jpg,0.999998140335083
id_vt7saxfk19kf3.jpg,../../data/image/id_vt7saxfk19kf3.jpg,0.9999987125396729
id_vtu987zo3nuen.jpg,../../data/image/id_vtu987zo3nuen.jpg,1.5469620302610564e-05
id_vvgoi90r2ddt0.jpg,../../data/image/id_vvgoi90r2ddt0.jpg,1.2251691941855824e-06
id_vvjp4ohs5agpb.jpg,../../data/image/id_vvjp4ohs5agpb.jpg,1.3693067444364715e-06
id_vwn6a8wx0tjsp.jpg,../../data/image/id_vwn6a8wx0tjsp.jpg,4.466467407837626e-06
id_vyu9ufvzpqspb.jpg,../../data/image/id_vyu9ufvzpqspb.jpg,0.9999995946884155
id_vz37akg3b7upt.jpg,../../data/image/id_vz37akg3b7upt.jpg,0.001405276236619102
id_w1eilz8uiir2a.jpg,../../data/image/id_w1eilz8uiir2a.jpg,6.619312489419826e-06
id_w21zl64qhss0o.jpg,../../data/image/id_w21zl64qhss0o.jpg,0.9999990224838257
id_w2fc83tcp5869.jpg,../../data/image/id_w2fc83tcp5869.jpg,0.9998785138130188
id_w5c2r91ywroul.jpg,../../data/image/id_w5c2r91ywroul.jpg,0.9999994277954102
id_w615unq3rgp73.jpg,../../data/image/id_w615unq3rgp73.jpg,0.9999994993209839
id_w6n213yf1qyn1.jpg,../../data/image/id_w6n213yf1qyn1.jpg,6.856088020867901e-07
id_w7c4sjtu2702y.jpg,../../data/image/id_w7c4sjtu2702y.jpg,0.9999520540237427
id_wayv4yg79zkwp.jpg,../../data/image/id_wayv4yg79zkwp.jpg,3.705180733959423e-06
id_we5ro0y9cpmez.jpg,../../data/image/id_we5ro0y9cpmez.jpg,0.9999974250793457
id_wefxxfedxyejy.jpg,../../data/image/id_wefxxfedxyejy.jpg,0.9999994754791259
id_weo7cqiq5q8ja.jpg,../../data/image/id_weo7cqiq5q8ja.jpg,0.9999992370605468
id_wg9gipfqqjf5l.jpg,../../data/image/id_wg9gipfqqjf5l.jpg,5.907709282837459e-06
id_whpsxv8igba6y.jpg,../../data/image/id_whpsxv8igba6y.jpg,9.80359425284405e-07
id_whzmoee1m9nwc.jpg,../../data/image/id_whzmoee1m9nwc.jpg,1.358741119474871e-05
id_wj2hlc5eojwob.jpg,../../data/image/id_wj2hlc5eojwob.jpg,1.4516635815198243e-06
id_wlmmzefwqrtw0.jpg,../../data/image/id_wlmmzefwqrtw0.jpg,0.9999995946884155
id_wmdh1zlfbwrh0.jpg,../../data/image/id_wmdh1zlfbwrh0.jpg,6.8941636527597435e-06
id_wpvkssz0wbebd.jpg,../../data/image/id_wpvkssz0wbebd.jpg,0.9999971389770508
id_wpx3pfrqyrk8g.jpg,../../data/image/id_wpx3pfrqyrk8g.jpg,0.9999992609024048
id_wqx83hdvcph9b.jpg,../../data/image/id_wqx83hdvcph9b.jpg,4.6669992570969045e-06
id_wqzen5ctpjmg7.jpg,../../data/image/id_wqzen5ctpjmg7.jpg,7.59472891331825e-07
id_wqznsj38wv6xt.jpg,../../data/image/id_wqznsj38wv6xt.jpg,0.9999995946884155
id_wr5yjqmb1p8qs.jpg,../../data/image/id_wr5yjqmb1p8qs.jpg,0.9999996900558472
id_wrawq9l23slft.jpg,../../data/image/id_wrawq9l23slft.jpg,2.5011193019963685e-05
id_wsamj07heyhma.jpg,../../data/image/id_wsamj07heyhma.jpg,0.9999994277954102
id_wuwwzds4vq33g.jpg,../../data/image/id_wuwwzds4vq33g.jpg,1.988302210520487e-06
id_wv07es4tw18wz.jpg,../../data/image/id_wv07es4tw18wz.jpg,0.9999986410140991
id_wwuuf26ob6riu.jpg,../../data/image/id_wwuuf26ob6riu.jpg,7.338017780966766e-07
id_x2b6fbsy910st.jpg,../../data/image/id_x2b6fbsy910st.jpg,0.9999993801116943
id_x2cf9uij6xr30.jpg,../../data/image/id_x2cf9uij6xr30.jpg,0.9999996900558472
id_x4gudgu9g4j9y.jpg,../../data/image/id_x4gudgu9g4j9y.jpg,3.993948268998793e-06
id_x5bzct0goilnb.jpg,../../data/image/id_x5bzct0goilnb.jpg,2.303710407431936e-05
id_x5d9sabq8ntd1.jpg,../../data/image/id_x5d9sabq8ntd1.jpg,1.0180883407429064e-06
id_x6cyoxjm7m4b1.jpg,../../data/image/id_x6cyoxjm7m4b1.jpg,2.0923533270433836e-06
id_x6l00ektplmy6.jpg,../../data/image/id_x6l00ektplmy6.jpg,9.56209831315391e-07
id_x72gbo23dl0qp.jpg,../../data/image/id_x72gbo23dl0qp.jpg,0.7286535881459713
id_xamlh8htt4904.jpg,../../data/image/id_xamlh8htt4904.jpg,2.153185607767227e-06
id_xbfz5mrc95gcn.jpg,../../data/image/id_xbfz5mrc95gcn.jpg,3.3517040264996465e-06
id_xbk7ztt27sqo2.jpg,../../data/image/id_xbk7ztt27sqo2.jpg,0.9999993562698364
id_xd9u770unors4.jpg,../../data/image/id_xd9u770unors4.jpg,0.9999961614608764
id_xivg8hilgkkkb.jpg,../../data/image/id_xivg8hilgkkkb.jpg,0.9999418377876281
id_xj4zxs4t6mhmm.jpg,../../data/image/id_xj4zxs4t6mhmm.jpg,0.9999691247940063
id_xjl3ap8i6u49v.jpg,../../data/image/id_xjl3ap8i6u49v.jpg,0.9999988555908204
id_xm9r00elnhefu.jpg,../../data/image/id_xm9r00elnhefu.jpg,0.9999837636947632
id_xn7q1hap0vexa.jpg,../../data/image/id_xn7q1hap0vexa.jpg,0.9999904632568359
id_xnuym3kjdfh81.jpg,../../data/image/id_xnuym3kjdfh81.jpg,0.9999990463256836
id_xo6azerj35fnn.jpg,../../data/image/id_xo6azerj35fnn.jpg,0.9996799230575562
id_xodmub233l3e3.jpg,../../data/image/id_xodmub233l3e3.jpg,0.9999994277954102
id_xoj0ssa5vafac.jpg,../../data/image/id_xoj0ssa5vafac.jpg,0.9999949216842652
id_xos62h890bf3l.jpg,../../data/image/id_xos62h890bf3l.jpg,1.7606467508812784e-06
id_xpwoij8jgy8dl.jpg,../../data/image/id_xpwoij8jgy8dl.jpg,3.4242882293256117e-06
id_xqey25vta5stj.jpg,../../data/image/id_xqey25vta5stj.jpg,1.1258405993430643e-05
id_xrbyml7cx9vm4.jpg,../../data/image/id_xrbyml7cx9vm4.jpg,4.088541918463306e-05
id_xtjfnrn3ad2qd.jpg,../../data/image/id_xtjfnrn3ad2qd.jpg,1.1551637999218656e-05
id_xukfq61ex1h6h.jpg,../../data/image/id_xukfq61ex1h6h.jpg,0.9999991178512573
id_xuokx0ns30tbf.jpg,../../data/image/id_xuokx0ns30tbf.jpg,7.512043737278873e-07
id_xx3yw43eha2g9.jpg,../../data/image/id_xx3yw43eha2g9.jpg,0.9999994039535522
id_xxdpeoab6nk5s.jpg,../../data/image/id_xxdpeoab6nk5s.jpg,1.8278039760843968e-06
id_xxgsbwt2sep35.jpg,../../data/image/id_xxgsbwt2sep35.jpg,0.9999941825866699
id_xy3p7w76coy2c.jpg,../../data/image/id_xy3p7w76coy2c.jpg,1.0580980074337276e-06
id_xy7w7pev4q9jj.jpg,../../data/image/id_xy7w7pev4q9jj.jpg,3.5006790540137446e-06
id_xyds64vlu3xg7.jpg,../../data/image/id_xyds64vlu3xg7.jpg,0.9999254703521728
id_xzt3s3u5pjzkc.jpg,../../data/image/id_xzt3s3u5pjzkc.jpg,3.8818706627807845e-06
id_y0z6351w6p95u.jpg,../../data/image/id_y0z6351w6p95u.jpg,0.9999994516372681
id_y1eimjqmtcpn4.jpg,../../data/image/id_y1eimjqmtcpn4.jpg,1.4334247339320428e-06
id_y4p6l63pmtf3p.jpg,../../data/image/id_y4p6l63pmtf3p.jpg,0.9999992609024048
id_y588owrgxrf1i.jpg,../../data/image/id_y588owrgxrf1i.jpg,2.4402708368143068e-05
id_y6xuj915mmy79.jpg,../../data/image/id_y6xuj915mmy79.jpg,2.205879486609774e-05
id_ya3aiizv2u87b.jpg,../../data/image/id_ya3aiizv2u87b.jpg,0.9999976396560669
id_yap0lnbqullt8.jpg,../../data/image/id_yap0lnbqullt8.jpg,0.9999995708465577
id_ybhu75nzok4ko.jpg,../../data/image/id_ybhu75nzok4ko.jpg,0.9999997615814209
id_ybs49hkkd1snv.jpg,../../data/image/id_ybs49hkkd1snv.jpg,0.9999990701675415
id_yc3gxt2qxpd9v.jpg,../../data/image/id_yc3gxt2qxpd9v.jpg,2.834459587575111e-06
id_ycdiuy8y86ej2.jpg,../../data/image/id_ycdiuy8y86ej2.jpg,0.9999985933303833
id_ycrr6fz3zjodc.jpg,../../data/image/id_ycrr6fz3zjodc.jpg,7.428600429193466e-06
id_yj98je18hxw1u.jpg,../../data/image/id_yj98je18hxw1u.jpg,0.9999995946884155
id_yl7kd4tybybqc.jpg,../../data/image/id_yl7kd4tybybqc.jpg,2.3418206581027336e-06
id_ylulya0br4bj7.jpg,../../data/image/id_ylulya0br4bj7.jpg,0.9999994993209839
id_yn0ue2tiapdqk.jpg,../../data/image/id_yn0ue2tiapdqk.jpg,0.00024724252871237694
id_ynq8soq0wof97.jpg,../../data/image/id_ynq8soq0wof97.jpg,2.5947851872842877e-05
id_ypixqgg6dqnnm.jpg,../../data/image/id_ypixqgg6dqnnm.jpg,7.12233190824918e-06
id_yqivi8xomr4fb.jpg,../../data/image/id_yqivi8xomr4fb.jpg,0.9999995470046997
id_ys5heh11m5ht8.jpg,../../data/image/id_ys5heh11m5ht8.jpg,0.9999982118606567
id_yupw3rpjgpdg4.jpg,../../data/image/id_yupw3rpjgpdg4.jpg,0.9999994516372681
id_ywsucpm8tecx6.jpg,../../data/image/id_ywsucpm8tecx6.jpg,1.3276365052661276e-06
id_yzrtpsoebyh4b.jpg,../../data/image/id_yzrtpsoebyh4b.jpg,2.7098996497443293e-06
id_z0ap98neu8u8l.jpg,../../data/image/id_z0ap98neu8u8l.jpg,0.9999986410140991
id_z3182mocj9en6.jpg,../../data/image/id_z3182mocj9en6.jpg,0.9999997854232788
id_z4duwpz9uobui.jpg,../../data/image/id_z4duwpz9uobui.jpg,0.9999994754791259
id_z6bqrznm41g4l.jpg,../../data/image/id_z6bqrznm41g4l.jpg,8.761943661284022e-07
id_z7m5k2zjceyry.jpg,../../data/image/id_z7m5k2zjceyry.jpg,3.6548509910971917e-06
id_z7mvqbqaug03t.jpg,../../data/image/id_z7mvqbqaug03t.jpg,5.163228195215197e-07
id_zbi0aob0kp34x.jpg,../../data/image/id_zbi0aob0kp34x.jpg,0.9999995708465577
id_zbppb3zgmwfcj.jpg,../../data/image/id_zbppb3zgmwfcj.jpg,1.997330434733158e-06
id_zd4u35n6h1ctp.jpg,../../data/image/id_zd4u35n6h1ctp.jpg,0.9999974489212036
id_ze1qlrjd7cc94.jpg,../../data/image/id_ze1qlrjd7cc94.jpg,0.9999991416931152
id_zea6qm4xfaem1.jpg,../../data/image/id_zea6qm4xfaem1.jpg,0.9999977588653565
id_zea88uzi4t041.jpg,../../data/image/id_zea88uzi4t041.jpg,5.255399429415774e-07
id_zenvw2yxpxf49.jpg,../../data/image/id_zenvw2yxpxf49.jpg,0.9999995708465577
id_zfrc8pi1nywc7.jpg,../../data/image/id_zfrc8pi1nywc7.jpg,0.9999996662139893
id_zfsh7ui6wal3m.jpg,../../data/image/id_zfsh7ui6wal3m.jpg,0.9999996662139893
id_zgk78fstjsvts.jpg,../../data/image/id_zgk78fstjsvts.jpg,0.00011913960861420492
id_zhihayegpg2wn.jpg,../../data/image/id_zhihayegpg2wn.jpg,0.9999975681304931
id_zhjn7bxelfpfe.jpg,../../data/image/id_zhjn7bxelfpfe.jpg,1.9504069996401086e-05
id_zl3jvwb3mck3m.jpg,../../data/image/id_zl3jvwb3mck3m.jpg,1.191321200622042e-06
id_zlvk27ddyso7o.jpg,../../data/image/id_zlvk27ddyso7o.jpg,0.9999994277954102
id_zmis1anbf7hz6.jpg,../../data/image/id_zmis1anbf7hz6.jpg,0.9999998569488525
id_zn1h3yogql6a0.jpg,../../data/image/id_zn1h3yogql6a0.jpg,4.7303184146585405e-06
id_zqztv13z4ffk1.jpg,../../data/image/id_zqztv13z4ffk1.jpg,0.9999990224838257
id_zr32p6lk51xjr.jpg,../../data/image/id_zr32p6lk51xjr.jpg,0.999999713897705
id_zspnfeorkhy7t.jpg,../../data/image/id_zspnfeorkhy7t.jpg,7.593728732899763e-05
id_zt9idochwsr40.jpg,../../data/image/id_zt9idochwsr40.jpg,2.3645110786674193e-06
id_ztcvnj0wb4w1r.jpg,../../data/image/id_ztcvnj0wb4w1r.jpg,0.9999395608901978
id_ztenc22desh0x.jpg,../../data/image/id_ztenc22desh0x.jpg,2.803838788167923e-06
id_zu56isuar83cy.jpg,../../data/image/id_zu56isuar83cy.jpg,1.6079168972282786e-06
id_zv5fvjnakvf1r.jpg,../../data/image/id_zv5fvjnakvf1r.jpg,0.9999993085861206
id_zvpikh1z30arn.jpg,../../data/image/id_zvpikh1z30arn.jpg,3.589257732983242e-06
id_zypilwkudljyz.jpg,../../data/image/id_zypilwkudljyz.jpg,4.528132603809354e-06
id_zz9lwehh5sxdp.jpg,../../data/image/id_zz9lwehh5sxdp.jpg,0.9999996662139893
id_zzq9gaptlwd4w.jpg,../../data/image/id_zzq9gaptlwd4w.jpg,0.999999713897705
